fips,county_name,state,land_area_km2,wildfire_bp_national_percentile,inland_flood_loss_rate_percentile,baseline_water_stress,water_stress_2050_bau,low_impervious_land_share,gap12_protected_land_share,wetland_land_share,fiber_business_100_20_availability,fiber_business_1000_100_availability,labor_force,social_vulnerability_percentile,historical_cdd65,historical_days_tmax_gt90f,distance_to_interstate_km,distance_to_rail_km,state_industrial_price,state_ieee_saidi_without_med,state_grid_co2e_intensity,missing_metrics_note,quality_note,coverage_baseline_water,coverage_2050_water,coverage_nlcd,coverage_impervious
51001,Accomack County,VA,1163.68851,0.524,0.055383663366336607,3.1907827833541007,3.4965030992859325,0.9173380939707751,0.23438904724830636,0.522687216542273,0.72488801,0.712902054,14565,0.8597,1241.6294189453124,13.578713099161783,95.30527625122483,7.212090219899812,89.9,245.07712999476223,244.75798925963002,,baseline_water_stress:有效县域面积覆盖<99%（诊断提示，非行业阈值）；water_stress_2050_bau:有效县域面积覆盖<99%（诊断提示，非行业阈值）,0.41174439574899935,0.4119149853454908,0.9999952254274636,1
51003,Albemarle County,VA,1866.027153,0.421,0.493193069306931,2.3410957248679236,2.6406279611630112,0.9422503313387239,0.0492489771538557,0.0025149980701985723,0.380032324,0.270514987,61034,0.2469,1130.6182291666669,20.640704727172853,0.21526021921826405,1.245767606522472,89.9,245.07712999476223,244.75798925963002,,见指标口径：州级、产业、代表点代理；气候基期待核实,1.0000000000000022,1.0000000000000009,1,1
51005,Alleghany County,VA,1156.616595,0.65,0.877475247524752,2.3441233158450565,2.64201022134626,0.9693832211397913,0.019849487125867798,0.0001318251502225131,0.059778931,0.059778931,5838,0.3102,550.2206573486328,6.005999803543091,0.5064538752260462,1.286674173716719,89.9,245.07712999476223,244.75798925963002,,见指标口径：州级、产业、代表点代理；气候基期待核实,1.0000000000000029,0.9999999999999996,1,1
51007,Amelia County,VA,920.379344,0.264,0.265470297029703,3.1367336770545875,3.432467087,0.9645136915179376,0.0,0.07174092147791368,0.088115064,0.087660863,6496,0.3853,1186.0498413085938,29.05944913228353,45.008350861513826,1.2437790005396965,89.9,245.07712999476223,244.75798925963002,,见指标口径：州级、产业、代表点代理；气候基期待核实,0.9999999999999999,0.9999999999999976,1,1
51009,Amherst County,VA,1227.554632,0.555,0.505259900990099,2.347786261981338,2.645844728,0.9605419763174315,0.0002262135205163419,0.00024798883977067985,0.390962799,0.388755437,15060,0.4022,920.9007527669272,16.576550674438476,26.56922832863828,10.973605297475968,89.9,245.07712999476223,244.75798925963002,,见指标口径：州级、产业、代表点代理；气候基期待核实,0.9999999999999984,0.9999999999999984,1,1
51011,Appomattox County,VA,865.635287,0.393,0.273824257425743,2.704260960406444,3.0273548989899224,0.9559626371067665,0.0018498687767584893,0.009267960050892702,0.552458645,0.552458645,7925,0.1441,1100.909891764323,22.787036768595375,67.78833189643925,2.3559167773053025,89.9,245.07712999476223,244.75798925963002,,见指标口径：州级、产业、代表点代理；气候基期待核实,1.0000000000000033,1.0000000000000036,1,1
51013,Arlington County,VA,67.332991,0.086,0.129641089108911,2.054873264952013,2.459404682121931,0.1312064794643215,0.0,0.0020716109113751487,0.878167159,0.651512732,154277,0.1597,1289.9500447591147,23.291953341166177,1.3818187902358303,3.318861211719045,89.9,245.07712999476223,244.75798925963002,,见指标口径：州级、产业、代表点代理；气候基期待核实,0.9999999999999978,0.9999999999999962,1,1
51015,Augusta County,VA,2504.708863,0.572,0.6330445544554449,2.6948104602427287,2.955861219928874,0.9400577929704921,0.08855550585952911,0.0006103831766360795,0.207649363,0.177151904,40673,0.2129,605.9509562174479,6.38779649734497,9.851300825923598,3.2204022895311195,89.9,245.07712999476223,244.75798925963002,,见指标口径：州级、产业、代表点代理；气候基期待核实,1.0000000000000018,1.0000000000000018,1,1
51017,Bath County,VA,1370.626044,0.633,0.898514851485149,2.344844916311251,2.6428136946393774,0.9895568758477306,0.11979346783113633,0.000819581987001901,0.824792058,0.824523746,2227,0.1674,463.05120849609375,3.2645129919052125,23.349897205347105,14.690310861723944,89.9,245.07712999476223,244.75798925963002,,见指标口径：州级、产业、代表点代理；气候基期待核实,1.0000000000000042,1.0000000000000016,1,1
51019,Bedford County,VA,1968.69131,0.508,0.527227722772277,2.7111303374500344,3.0843331054445926,0.9417486580123711,0.013509257071560152,0.000133217877839206,0.662832857,0.30775326,38193,0.0853,991.7323303222656,16.741791756947837,28.240638716691205,2.6543279414508034,89.9,245.07712999476223,244.75798925963002,,见指标口径：州级、产业、代表点代理；气候基期待核实,1.000000000000006,1.0000000000000004,1,1
51021,Bland County,VA,926.296565,0.68,0.9854579207920791,1.8039625546390905,2.181944094272481,0.9832995259864299,0.09325843547986352,0.0005824619824834977,0.165452653,0.165452653,2654,0.0974,372.3394755045573,0.5354177872339885,0.4659493951410033,17.447338398510915,89.9,245.07712999476223,244.75798925963002,,见指标口径：州级、产业、代表点代理；气候基期待核实,0.9999999999999997,0.9999999999999998,1,1
51023,Botetourt County,VA,1401.898973,0.618,0.59529702970297,2.4020355088370846,2.7114536905340274,0.9528392753030503,0.01391799227187217,0.0008998232992795653,0.151574442,0.11103638,17151,0.013,809.0045572916666,12.352752590179444,7.897200461818425,3.8566901296297975,89.9,245.07712999476223,244.75798925963002,,见指标口径：州级、产业、代表点代理；气候基期待核实,0.9999999999999993,0.9999999999999984,1,1
51025,Brunswick County,VA,1466.842628,0.326,0.382735148514851,3.6084219208604997,3.9515309660801954,0.9577715044223881,8.40847789704162e-05,0.04069174180571945,0.360050622,0.360050622,6696,0.8311,1264.3280680338542,31.19815813700358,9.53928979679906,0.5272323390107743,89.9,245.07712999476223,244.75798925963002,,见指标口径：州级、产业、代表点代理；气候基期待核实,1.0000000000000018,1.0000000000000038,1,1
51027,Buchanan County,VA,1302.387764,0.912,0.621596534653465,2.85421559392595,2.963370200644107,0.969007901123205,0.002017160096096904,8.965226644377734e-06,0.708456376,0.708456376,5948,0.5975,633.9737487792969,5.61251794497172,58.89519411197648,2.819222682145469,89.9,245.07712999476223,244.75798925963002,,见指标口径：州级、产业、代表点代理；气候基期待核实,1,0.9999999999999992,1,1
51029,Buckingham County,VA,1501.215443,0.346,0.258972772277228,2.3982770445506527,2.6961157102289874,0.972627667272039,0.012758346143022488,0.015431004327054392,0.657941047,0.657941047,7063,0.6758,1107.0936360677083,25.56041202545166,48.19923849789296,6.666167008515444,89.9,245.07712999476223,244.75798925963002,,见指标口径：州级、产业、代表点代理；气候基期待核实,1.0000000000000029,1.0000000000000027,1,1
51031,Campbell County,VA,1303.430816,0.38,0.21905940594059398,2.7124342507272727,3.085837236830354,0.9220572142976408,0.0,0.003474641875920235,0.353309086,0.333423978,26706,0.4152,1080.457745361328,20.535024642944336,62.671573558557334,0.47055272024142436,89.9,245.07712999476223,244.75798925963002,,见指标口径：州级、产业、代表点代理；气候基期待核实,1.0000000000000038,0.9999999999999998,1,1
51033,Caroline County,VA,1365.869819,0.285,0.25,2.6818331796563357,3.0340617984616123,0.9476037242816672,0.01222979278753612,0.11541502804208145,0.07393956,0.070718838,17136,0.399,1166.837626139323,25.231641896565755,12.751119832964601,1.757122057887892,89.9,245.07712999476223,244.75798925963002,,见指标口径：州级、产业、代表点代理；气候基期待核实,1.0000000000000004,1.0000000000000004,1,1
51035,Carroll County,VA,1229.57593,0.577,0.20977722772277202,2.138159109123712,2.512509966702758,0.9603106724132646,0.01016955474921705,0.0006611604021840186,0.392631994,0.224143026,11951,0.2797,464.679970296224,2.0751580874125164,2.0930344135796983,16.19712705951114,89.9,245.07712999476223,244.75798925963002,,见指标口径：州级、产业、代表点代理；气候基期待核实,1.000000000000001,0.9999999999999977,1,1
51036,Charles City County,VA,473.71155,0.34,0.204517326732673,3.726248555304921,3.980217336746502,0.9644287957367845,0.05492308615632921,0.22420326402436122,0.028259131,0.000799787,3374,0.2685,1458.9757283528645,35.7952392578125,15.113782806585153,8.94633590742126,89.9,245.07712999476223,244.75798925963002,,baseline_water_stress:有效县域面积覆盖<99%（诊断提示，非行业阈值）；water_stress_2050_bau:有效县域面积覆盖<99%（诊断提示，非行业阈值）,0.9501389768269732,0.9509502375518551,1,1
51037,Charlotte County,VA,1231.010115,0.294,0.186881188118812,2.8073771926411126,3.1907234230691794,0.9638385457259844,0.0003487855299243418,0.053943232671401546,0.766877928,0.766877928,4783,0.7436,1180.271219889323,28.169246101379393,57.89628314760852,10.30563761673169,89.9,245.07712999476223,244.75798925963002,,见指标口径：州级、产业、代表点代理；气候基期待核实,0.9999999999999997,0.9999999999999997,1,1
51041,Chesterfield County,VA,1096.874572,0.243,0.31930693069306904,2.899433277396443,3.1962812418170747,0.6929462446824776,0.037350045455412866,0.0703159812244344,0.783316321,0.005439653,205327,0.2943,1311.3430094401042,30.659940719604492,14.479288192402342,11.647954701706437,89.9,245.07712999476223,244.75798925963002,,见指标口径：州级、产业、代表点代理；气候基期待核实,0.9999637777411363,0.9998767009930954,1,1
51043,Clarke County,VA,455.72973,0.443,0.534653465346535,2.803844034936887,3.088403031532259,0.9430091334793327,0.0028344761368589624,0.0031198518512693687,0.110621831,0.105684548,8054,0.0598,938.1668986002604,15.71135196685791,14.822066459457874,0.8052109829806781,89.9,245.07712999476223,244.75798925963002,,见指标口径：州级、产业、代表点代理；气候基期待核实,0.9999999999999983,0.9999999999999982,1,1
51045,Craig County,VA,849.770441,0.657,0.98855198019802,2.2873329265285407,2.5980514442377265,0.9856779454298359,0.09466944279036105,4.435053394874979e-05,0.030571992,0.030243261,2063,0.0589,533.837479654948,3.3997844378153483,22.890512124412275,20.70722877434567,89.9,245.07712999476223,244.75798925963002,,见指标口径：州级、产业、代表点代理；气候基期待核实,0.9999999999999996,0.9999999999999982,1,1
51047,Culpeper County,VA,982.06927,0.26,0.553836633663366,2.7027135553703565,3.052382768,0.9440077401924095,0.0072157831657329455,0.030180361087277972,0.483703737,0.398503358,28403,0.4327,1080.3833801269532,22.50271841684977,42.09394898660602,0.2620098669523769,89.9,245.07712999476223,244.75798925963002,,见指标口径：州级、产业、代表点代理；气候基期待核实,0.999999999999998,0.9999999999999991,1,1
51049,Cumberland County,VA,770.454313,0.273,0.364170792079208,2.6312783232290764,2.9280717493246224,0.9716976164874342,0.0027465826975607934,0.06289730572167042,0.530011115,0.530011115,5406,0.4426,1142.9783203125,29.52299912770589,42.65023729117594,15.459336449704109,89.9,245.07712999476223,244.75798925963002,,见指标口径：州级、产业、代表点代理；气候基期待核实,1.0000000000000022,1.0000000000000022,1,1
51051,Dickenson County,VA,855.84191,0.892,0.910272277227723,2.8357511638495003,2.9474699200897367,0.97420351791149,0.01674951568065897,4.187740598784089e-05,0.812005929,0.812005929,4623,0.4629,647.8973775227864,3.1390092611312865,57.79286286831637,1.845488208166594,89.9,245.07712999476223,244.75798925963002,,见指标口径：州级、产业、代表点代理；气候基期待核实,0.9999999999999973,0.9999999999999966,1,1
51053,Dinwiddie County,VA,1304.903542,0.341,0.172957920792079,3.6284600263122377,3.9595424341985486,0.9395822929054082,0.0,0.07402443499590267,0.095437547,0.094689604,14247,0.3261,1295.3619669596353,31.794620196024574,3.3065541894369184,10.969877217717437,89.9,245.07712999476223,244.75798925963002,,见指标口径：州级、产业、代表点代理；气候基期待核实,0.9999999999999997,1.0000000000000029,1,1
51057,Essex County,VA,666.543883,0.257,0.0640470297029703,2.8251253707149635,3.1688572662298014,0.9520736222429033,0.030160964209093487,0.14333199100866945,0.005986232,0.005836576,4938,0.8272,1322.6714965820313,31.04402364095052,46.18375943434977,37.82462183187374,89.9,245.07712999476223,244.75798925963002,,baseline_water_stress:有效县域面积覆盖<99%（诊断提示，非行业阈值）；water_stress_2050_bau:有效县域面积覆盖<99%（诊断提示，非行业阈值）,0.9472257900944885,0.9472381388354015,1,1
51059,Fairfax County,VA,1012.738308,0.157,0.269492574257426,2.5458454150152194,2.940970590372003,0.4607667814855819,0.0556416666701398,0.04395915802591258,0.862499152,0.497105893,644674,0.2412,1116.6178344726563,22.107075691223145,4.4936621531184615,3.4685480253583956,89.9,245.07712999476223,244.75798925963002,,baseline_water_stress:有效县域面积覆盖<99%（诊断提示，非行业阈值）；water_stress_2050_bau:有效县域面积覆盖<99%（诊断提示，非行业阈值）,0.9878487190949229,0.9872210852017274,1,1
51061,Fauquier County,VA,1678.296516,0.271,0.567141089108911,2.4107519217707027,2.7860531574254677,0.9503877861157101,0.030508967857351525,0.02944112657901935,0.150109326,0.141521691,41754,0.0732,975.415205891927,16.178626537322998,11.953978840829102,9.831196182642868,89.9,245.07712999476223,244.75798925963002,,见指标口径：州级、产业、代表点代理；气候基期待核实,1.0000000000000033,1.0000000000000033,1,1
51063,Floyd County,VA,986.585624,0.642,0.405321782178218,1.9851704756533912,2.3810166263385715,0.9703626461695385,0.007969459998008079,0.0017185166296309789,0.942991141,0.942991141,8360,0.0929,448.19280598958335,1.4712213079134624,21.43222372293155,22.481047513099046,89.9,245.07712999476223,244.75798925963002,,见指标口径：州级、产业、代表点代理；气候基期待核实,0.9999999999999978,0.9999999999999982,1,1
51065,Fluvanna County,VA,743.630405,0.339,0.440284653465347,2.346516140275985,2.6445841989707772,0.9569544416605115,0.006863231032992752,0.01923206897717014,0.908376754,0.899799599,14736,0.0582,1120.311592610677,25.22671095530192,17.23381030215436,12.568681907719393,89.9,245.07712999476223,244.75798925963002,,见指标口径：州级、产业、代表点代理；气候基期待核实,0.999999999999999,0.999999999999999,1,1
51067,Franklin County,VA,1788.673576,0.428,0.612314356435644,2.769614453338184,3.15493236615613,0.9469220853681029,0.005608742064579221,0.0005252311417963707,0.245920709,0.138491527,26324,0.321,951.2546305338542,16.051398022969565,27.662871053936286,1.3971710899330834,89.9,245.07712999476223,244.75798925963002,,见指标口径：州级、产业、代表点代理；气候基期待核实,1.0000000000000004,1.0000000000000004,1,1
51069,Frederick County,VA,1070.014045,0.473,0.24969059405940602,2.817386513410663,3.193939064011559,0.8774905854590328,0.0009742612744840876,0.00027683658001122446,0.516389871,0.427468164,50664,0.2545,773.333642578125,13.499966144561768,10.093284126681855,0.23022705429005008,89.9,245.07712999476223,244.75798925963002,,见指标口径：州级、产业、代表点代理；气候基期待核实,0.9999999999999969,0.9999999999999971,1,1
51071,Giles County,VA,925.20724,0.567,0.879022277227723,1.8996510225747727,2.293711300731786,0.9655697919441955,0.06264398258068277,0.0003371521302104779,0.237610248,0.237610248,7753,0.1037,430.1556376139323,1.806439503033956,26.12494497171362,1.358464304835096,89.9,245.07712999476223,244.75798925963002,,见指标口径：州级、产业、代表点代理；气候基期待核实,0.9999999999999998,0.9999999999999988,1,1
51073,Gloucester County,VA,564.124717,0.372,0.0764232673267327,2.8441451824923965,3.186925486,0.9047722972788647,0.01752911957831195,0.27139943417330087,0.006762826,0.002694563,20420,0.0344,1388.5063557942708,25.37721125284831,17.81822270447094,19.587237357482262,89.9,245.07712999476223,244.75798925963002,,baseline_water_stress:有效县域面积覆盖<99%（诊断提示，非行业阈值）；water_stress_2050_bau:有效县域面积覆盖<99%（诊断提示，非行业阈值）,0.8313563358046614,0.8317601669142863,1,1
51075,Goochland County,VA,730.637052,0.267,0.24350247524752502,2.3181685306796718,2.620948860168973,0.932681377833513,0.00034970834665027766,0.040244257193633476,0.368396337,0.274634108,13769,0.0592,1124.5735595703125,27.101297696431477,6.632914082750527,2.7738726222031276,89.9,245.07712999476223,244.75798925963002,,见指标口径：州级、产业、代表点代理；气候基期待核实,1.0000000000000127,1.0000000000000069,1,1
51077,Grayson County,VA,1144.218745,0.575,0.692141089108911,1.8824315624200825,2.2766447646357553,0.9784424294182659,0.04798140909914173,0.00039325454636792925,0.140098916,0.140098916,6624,0.5851,280.3023106892904,0.572783546646436,29.371625876559705,22.283227192201878,89.9,245.07712999476223,244.75798925963002,,见指标口径：州级、产业、代表点代理；气候基期待核实,1.0000000000000018,1.0000000000000016,1,1
51079,Greene County,VA,403.900921,0.483,0.606435643564356,2.4920633416949443,2.810297266400528,0.9464494632935493,0.16813731711847354,0.0009675396023968291,0.450311203,0.415456432,11737,0.2199,895.867997233073,11.744675795237224,30.960691848888985,17.058626627366603,89.9,245.07712999476223,244.75798925963002,,见指标口径：州级、产业、代表点代理；气候基期待核实,1.0000000000000018,1.000000000000004,1,1
51081,Greensville County,VA,765.023848,0.338,0.219368811881188,3.7205495379841893,4.058068907,0.9506478389691012,0.0020384362043033254,0.2057799934157927,0.677313498,0.677313498,3519,0.8979,1344.000439453125,34.5699120203654,0.2407284800489219,1.2866810441857353,89.9,245.07712999476223,244.75798925963002,,见指标口径：州级、产业、代表点代理；气候基期待核实,0.9999999999999986,1.0000000000000013,1,1
51083,Halifax County,VA,2117.913727,0.28,0.206064356435644,2.7697299319853768,3.155046543,0.9497389617917062,0.010253379354039818,0.042623449893511335,0.464537212,0.463018364,14432,0.7684,1178.5864624023438,29.13109563191732,61.35572661464156,1.30914287505748,89.9,245.07712999476223,244.75798925963002,,见指标口径：州级、产业、代表点代理；气候基期待核实,1.0000000000000004,1.0000000000000022,1,1
51085,Hanover County,VA,1211.009692,0.273,0.17264851485148502,1.9379325328868395,2.3327351983676343,0.8726298092619704,0.00039541992416523717,0.11635595962162633,0.580829814,0.528150832,62089,0.0274,1198.5546264648438,25.60501340230306,2.7098102775290616,0.8941238958008734,89.9,245.07712999476223,244.75798925963002,,见指标口径：州级、产业、代表点代理；气候基期待核实,0.999999999999993,0.999999999999993,1,1
51087,Henrico County,VA,605.276759,0.246,0.078279702970297,3.0289768462658917,3.305137836903937,0.531850266565564,0.007109099369410904,0.1421317047607058,0.789355845,0.004251545,185131,0.3414,1331.1063883463542,30.182514699300132,2.3705507283732823,5.60715842641278,89.9,245.07712999476223,244.75798925963002,,见指标口径：州级、产业、代表点代理；气候基期待核实,1.0000000000000138,1.0000000000000135,1,1
51089,Henry County,VA,990.284625,0.26,0.435024752475247,2.7697299319853768,3.155046543,0.9099270132665992,0.018693292916252484,0.0012780626495955526,0.280384738,0.279606775,20515,0.7757,987.2169209798176,19.6994348526001,41.12848463679932,8.91158280538729,89.9,245.07712999476223,244.75798925963002,,见指标口径：州级、产业、代表点代理；气候基期待核实,0.999999999999998,0.9999999999999993,1,1
51091,Highland County,VA,1075.266903,0.578,0.943997524752475,1.772309969453828,2.0854394731999175,0.9914187729070881,0.06665593787884394,0.00021977434272429935,0.844048653,0.844048653,1115,0.1352,275.7717076619466,0.624642726778984,52.09469914545961,28.36468069555688,89.9,245.07712999476223,244.75798925963002,,见指标口径：州级、产业、代表点代理；气候基期待核实,0.9999999999999973,0.9999999999999989,1,1
51093,Isle of Wight County,VA,817.621466,0.346,0.152537128712871,2.3981062928857173,2.7301634014401865,0.9105327592308081,0.01916220020604844,0.2298970703627264,0.18837392,0.173762765,20826,0.2243,1407.8460001627604,25.0467347462972,24.59190481252301,10.152163387959797,89.9,245.07712999476223,244.75798925963002,,baseline_water_stress:有效县域面积覆盖<99%（诊断提示，非行业阈值）；water_stress_2050_bau:有效县域面积覆盖<99%（诊断提示，非行业阈值）,0.9007816263717756,0.9007116383409257,1,1
51095,James City County,VA,368.550686,0.348,0.233910891089109,3.802847971072168,4.054554194,0.7754271745672977,0.017482062550182417,0.1865662658002383,0.41811956,0.37467653,37979,0.1763,1388.7602783203124,29.156037712097167,5.10750534167021,2.852810689189553,89.9,245.07712999476223,244.75798925963002,,baseline_water_stress:有效县域面积覆盖<99%（诊断提示，非行业阈值）；water_stress_2050_bau:有效县域面积覆盖<99%（诊断提示，非行业阈值）,0.8652167414017422,0.8648652533026031,1,1
51097,King and Queen County,VA,816.185249,0.303,0.412438118811881,2.8441451824923965,3.1869254859999994,0.9680810549024788,0.06299546263529546,0.1208074670893321,0.820224719,0.820224719,3542,0.1973,1328.0845458984377,30.585072390238444,26.029048237715426,15.130200630178791,89.9,245.07712999476223,244.75798925963002,,baseline_water_stress:有效县域面积覆盖<99%（诊断提示，非行业阈值）；water_stress_2050_bau:有效县域面积覆盖<99%（诊断提示，非行业阈值）,0.9859335319834215,0.9860111773460238,1,1
51099,King George County,VA,465.234037,0.286,0.20142326732673302,3.257565567474323,3.6330316164778633,0.9209758184487638,0.039479587465087944,0.13617120577168026,0.205967675,0.188396187,14625,0.0528,1212.2066243489585,25.848881975809732,27.31736591173561,10.832674151157459,89.9,245.07712999476223,244.75798925963002,,见指标口径：州级、产业、代表点代理；气候基期待核实,0.9952705332529422,0.9948769341638193,1,1
51101,King William County,VA,709.424848,0.281,0.547648514851485,2.0814965244870605,2.4725835250387025,0.9529207992768327,0.015934771082937876,0.17113778738629395,0.247080376,0.24627891,10446,0.0334,1311.7197224934896,30.434492556254067,22.24194607658253,13.974350886928928,89.9,245.07712999476223,244.75798925963002,,见指标口径：州级、产业、代表点代理；气候基期待核实,0.9987428087527254,0.9985443628525466,1,1
51103,Lancaster County,VA,345.261478,0.284,0.024443069306930697,3.588668060843457,3.980139822,0.9136941245645857,0.0031179615195836095,0.1220472544289543,0.391812865,0.391583534,4591,0.5075,1375.9684488932292,24.8767946879069,46.776990383923895,39.14284856529532,89.9,245.07712999476223,244.75798925963002,,baseline_water_stress:有效县域面积覆盖<99%（诊断提示，非行业阈值）；water_stress_2050_bau:有效县域面积覆盖<99%（诊断提示，非行业阈值）,0.649427951097343,0.6498362599589554,1,1
51105,Lee County,VA,1127.622847,0.88,0.977413366336634,2.001275857512737,2.2156132504247847,0.9556733652708522,0.022298718380426578,0.0005211528378164412,0.98001704,0.98001704,7696,0.8788,628.5045267740885,4.332698305447896,49.929879370971335,3.416300055949287,89.9,245.07712999476223,244.75798925963002,,见指标口径：州级、产业、代表点代理；气候基期待核实,1.0000000000000018,1.0000000000000018,1,1
51107,Loudoun County,VA,1335.753659,0.257,0.18193069306930698,0.30584796169175116,0.5991993213842712,0.775497584437608,0.005182523833923948,0.014989938223974398,0.88441203,0.543732968,251392,0.1059,997.299871826172,19.235980987548828,27.93260053074667,20.260402329138174,89.9,245.07712999476223,244.75798925963002,,见指标口径：州级、产业、代表点代理；气候基期待核实,1.0000000000000044,1.0000000000000115,1,1
51109,Louisa County,VA,1282.060817,0.324,0.250309405940594,1.6099517707712563,2.027948601505541,0.9506268490982029,0.0,0.044483944705539305,0.836318139,0.835729356,19010,0.2542,1092.4930033365886,24.22855428059896,11.21605077648374,4.9779033183004575,89.9,245.07712999476223,244.75798925963002,,见指标口径：州级、产业、代表点代理；气候基期待核实,1.0000000000000027,1.0000000000000004,1,1
51111,Lunenburg County,VA,1118.097708,0.281,0.07611386138613861,3.7200344643590295,4.057469242611486,0.9658813343716294,0.0,0.024265333004432104,0.402107112,0.401814457,4657,0.9243,1203.7986165364584,27.000377655029297,24.82588443343591,19.65242553168688,89.9,245.07712999476223,244.75798925963002,,见指标口径：州级、产业、代表点代理；气候基期待核实,1.0000000000000027,1.0000000000000027,1,1
51113,Madison County,VA,830.4505,0.438,0.525680693069307,2.7033073239404533,3.0524606262862064,0.9778680602552654,0.19948959284140338,0.0023783835208292343,0.512705135,0.512175754,7104,0.1594,940.4681803385416,14.455788707733154,43.425068970607114,21.274940731496475,89.9,245.07712999476223,244.75798925963002,,见指标口径：州级、产业、代表点代理；气候基期待核实,1.0000000000000016,1.0000000000000018,1,1
51115,Mathews County,VA,222.508057,0.393,0.0402227722772277,2.8441451824923965,3.186925486,0.9196245257296782,0.00527067192864568,0.4862892761526206,0.000330743,0.000330743,3633,0.1002,1376.9960774739584,21.17136262257894,36.470774751398714,26.586071720238387,89.9,245.07712999476223,244.75798925963002,,baseline_water_stress:有效县域面积覆盖<99%（诊断提示，非行业阈值）；water_stress_2050_bau:有效县域面积覆盖<99%（诊断提示，非行业阈值）,0.40859975482682376,0.4084291893593349,1,1
51117,Mecklenburg County,VA,1619.544369,0.272,0.244740099009901,2.9155926156362466,3.2937689596338533,0.9340191626702506,2.2357632336752278e-06,0.03416865788629195,0.628632082,0.615894918,14034,0.7308,1328.502530924479,34.30938320159912,21.230614380244045,10.262045936736506,89.9,245.07712999476223,244.75798925963002,,见指标口径：州级、产业、代表点代理；气候基期待核实,1.0000000000000029,1.000000000000001,1,1
51119,Middlesex County,VA,337.554146,0.325,0.0136138613861386,2.8441451824923965,3.186925486,0.9082033129792217,0.030917001729425814,0.10947107826886676,0.096233322,0.096233322,4689,0.3042,1372.0758463541667,27.102623875935873,31.89481055624999,25.395622142656524,89.9,245.07712999476223,244.75798925963002,,baseline_water_stress:有效县域面积覆盖<99%（诊断提示，非行业阈值）；water_stress_2050_bau:有效县域面积覆盖<99%（诊断提示，非行业阈值）,0.6908903277941036,0.6891644987015683,1,1
51121,Montgomery County,VA,1001.932837,0.609,0.0949876237623762,2.3507141756198107,2.7357481181823413,0.8861537138125943,0.049047183879881724,9.587847985118226e-05,0.100022884,0.092637667,49724,0.2873,572.5667765299479,3.36243360042572,4.869711669965158,0.5912830902187589,89.9,245.07712999476223,244.75798925963002,,见指标口径：州级、产业、代表点代理；气候基期待核实,1.0000000000000007,1.0000000000000024,1,1
51125,Nelson County,VA,1219.22454,0.532,0.9195544554455449,2.3493850835675807,2.6472650235338993,0.9762440448091062,0.0537533931421182,0.0010767029323584581,0.987657784,0.987657784,7017,0.2536,956.4606852213542,17.61748676300049,27.106885099045147,7.967431530656453,89.9,245.07712999476223,244.75798925963002,,见指标口径：州级、产业、代表点代理；气候基期待核实,0.9999999999999963,0.9999999999999963,1,1
51127,New Kent County,VA,543.97894,0.332,0.40563118811881205,2.9530492228458978,3.270264643078893,0.9255863359245406,0.033581925325041485,0.1790998772062686,0.049174539,0.000353139,14458,0.0025,1379.6517822265623,32.908193270365395,1.9336080052791533,7.7406246273511785,89.9,245.07712999476223,244.75798925963002,,baseline_water_stress:有效县域面积覆盖<99%（诊断提示，非行业阈值）；water_stress_2050_bau:有效县域面积覆盖<99%（诊断提示，非行业阈值）,0.9867197027621679,0.9866509389052498,1,1
51131,Northampton County,VA,548.331037,0.358,0.0278465346534653,3.203402549976487,3.5106851859999995,0.9175166836916812,0.29781651628444183,0.41477705455735786,0.814241141,0.814241141,5222,0.79,1405.170292154948,18.17881593704224,47.37043878240174,2.518666366600313,89.9,245.07712999476223,244.75798925963002,,baseline_water_stress:有效县域面积覆盖<99%（诊断提示，非行业阈值）；water_stress_2050_bau:有效县域面积覆盖<99%（诊断提示，非行业阈值）,0.34223766258566485,0.34270904580514755,0.9991221481284364,1
51133,Northumberland County,VA,495.808169,0.304,0.0358910891089109,3.588668060843457,3.980139822,0.9184981150786417,0.017789939746268253,0.11961229683318628,0.225112108,0.224912805,4405,0.1922,1370.6687784830729,22.711178016662597,61.54771163936984,51.23331770793625,89.9,245.07712999476223,244.75798925963002,,baseline_water_stress:有效县域面积覆盖<99%（诊断提示，非行业阈值）；water_stress_2050_bau:有效县域面积覆盖<99%（诊断提示，非行业阈值）,0.7620344823160556,0.7608433663537264,1,1
51135,Nottoway County,VA,814.265583,0.293,0.028774752475247502,3.4140878748716856,3.7294773672401074,0.9375116061085713,0.0,0.052569039765844,0.516129032,0.516129032,5752,0.8425,1176.6220540364584,25.9905091603597,34.93910523128092,1.9472320139347172,89.9,245.07712999476223,244.75798925963002,,见指标口径：州级、产业、代表点代理；气候基期待核实,1.000000000000001,1.0000000000000009,1,1
51137,Orange County,VA,881.929772,0.312,0.196782178217822,2.24274839097103,2.6206509142329435,0.9552967854188653,0.0026128150868409594,0.01663624176388374,0.646849593,0.646341463,18100,0.2593,1075.698183186849,21.63264344533285,34.80513657336051,7.970829159312416,89.9,245.07712999476223,244.75798925963002,,见指标口径：州级、产业、代表点代理；气候基期待核实,1.0000000000000013,1.000000000000001,1,1
51139,Page County,VA,802.941043,0.607,0.922648514851485,2.819469390349793,3.0679087455473804,0.9383878041443813,0.19924049364990212,7.603958978877768e-05,0.034893739,0.034821941,11778,0.363,736.0596374511719,10.950007820129397,15.825585051423815,0.8011800805664615,89.9,245.07712999476223,244.75798925963002,,见指标口径：州级、产业、代表点代理；气候基期待核实,1.0000000000000007,1.0000000000000002,1,1
51141,Patrick County,VA,1250.852626,0.398,0.737314356435644,2.8465430734769983,3.217329046099332,0.9710209377178989,0.02685110075142647,0.00018421334784013448,0.16095834,0.160382019,7427,0.2558,846.7262756347657,10.169632895787556,33.81090994017785,27.697918913941123,89.9,245.07712999476223,244.75798925963002,,见指标口径：州级、产业、代表点代理；气候基期待核实,0.9999999999999968,1.0000000000000013,1,1
51143,Pittsylvania County,VA,2509.705674,0.322,0.372215346534653,2.769729931985377,3.155046543,0.9343145738599443,0.0,0.005025901040803313,0.314159556,0.263738887,27924,0.7054,1024.5817647298177,22.19630781809489,68.28876296445752,0.38019723810656064,89.9,245.07712999476223,244.75798925963002,,见指标口径：州级、产业、代表点代理；气候基期待核实,1.0000000000000036,1.0000000000000024,1,1
51145,Powhatan County,VA,673.9213,0.241,0.305074257425743,2.5865129092702666,2.8840678875786567,0.9520410341239561,0.009451865062141629,0.059875670339638754,0.234273979,0.17433635,17199,0.0022,1130.6152425130208,27.51483771006266,20.847070159244403,9.886063226030721,89.9,245.07712999476223,244.75798925963002,,见指标口径：州级、产业、代表点代理；气候基期待核实,0.9999999999999936,0.9999999999999936,1,1
51147,Prince Edward County,VA,906.356801,0.305,0.112623762376238,3.159958692689882,3.457887333526956,0.9495299690615059,0.0021357632183513294,0.047303746951298166,0.698771994,0.671645894,8550,0.6106,1156.7551879882812,27.54825496673584,60.18409862470955,9.014145170915077,89.9,245.07712999476223,244.75798925963002,,见指标口径：州级、产业、代表点代理；气候基期待核实,1.000000000000001,1.0000000000000016,1,1
51149,Prince George County,VA,687.232241,0.345,0.08972772277227721,2.574327427728232,2.905858552699214,0.8945728603662696,0.04099136219525512,0.14950936663693132,0.338340192,0.330658436,17049,0.3805,1464.2783935546877,37.66997350056966,7.265176152703968,5.913263516417761,89.9,245.07712999476223,244.75798925963002,,baseline_water_stress:有效县域面积覆盖<99%（诊断提示，非行业阈值）；water_stress_2050_bau:有效县域面积覆盖<99%（诊断提示，非行业阈值）,0.9685958263236009,0.9695103552690642,1,1
51153,Prince William County,VA,868.307139,0.191,0.367883663366337,3.587506860846005,3.978985416096768,0.678752100978809,0.07075908513617792,0.0752510875655011,0.829174196,0.341332047,266734,0.4117,1082.4550821940104,21.502473704020183,11.537808712190182,4.94420421517464,89.9,245.07712999476223,244.75798925963002,,见指标口径：州级、产业、代表点代理；气候基期待核实,0.9907418267136141,0.9902474314166684,1,1
51155,Pulaski County,VA,828.380598,0.537,0.761757425742574,1.885636830596275,2.282656327,0.9167944021546163,0.002320352983493752,0.0002294908766551488,0.110795604,0.110480097,15892,0.2011,513.5880564371745,2.560109543800354,0.47908620332113505,1.2072222536190256,89.9,245.07712999476223,244.75798925963002,,见指标口径：州级、产业、代表点代理；气候基期待核实,0.999999999999999,0.999999999999999,1,1
51157,Rappahannock County,VA,689.900923,0.442,0.824566831683168,2.7034237431412116,3.0524762372922627,0.9878389471626816,0.18340823052032523,0.000977262362368884,0.001139471,0.000227894,3657,0.0573,845.5532897949219,15.693673801422118,26.193626214991394,20.07818751055222,89.9,245.07712999476223,244.75798925963002,,见指标口径：州级、产业、代表点代理；气候基期待核实,1.0000000000000016,1.0000000000000018,1,1
51159,Richmond County,VA,495.925427,0.249,0.034653465346534705,3.5884563322783234,3.9799828868269995,0.9462425632453806,0.06751085508450053,0.14035208974850993,0.393684689,0.391640164,3447,0.5485,1359.0317545572916,31.27382348378499,54.0110503705885,41.54780520958742,89.9,245.07712999476223,244.75798925963002,,baseline_water_stress:有效县域面积覆盖<99%（诊断提示，非行业阈值）；water_stress_2050_bau:有效县域面积覆盖<99%（诊断提示，非行业阈值）,0.9229042424195727,0.9227995580112616,1,1
51161,Roanoke County,VA,648.917442,0.616,0.43409653465346504,2.7252407952724322,3.1012350139280445,0.8487770278507386,0.09610888831993934,0.000536123948532101,0.579369628,0.575402248,49599,0.1333,809.7884155273438,9.888103596369426,7.647115816563457,5.889526638658583,89.9,245.07712999476223,244.75798925963002,,见指标口径：州级、产业、代表点代理；气候基期待核实,1.0000000000000004,1.0000000000000024,1,1
51163,Rockbridge County,VA,1545.053251,0.635,0.923886138613861,2.347786261981338,2.645844728,0.9634310901373614,0.1008676935805577,0.0002747576701246633,0.713813979,0.713263621,11122,0.125,716.0297200520833,10.302694543202715,0.5890875526418101,2.4656775694908974,89.9,245.07712999476223,244.75798925963002,,见指标口径：州级、产业、代表点代理；气候基期待核实,1.000000000000002,0.9999999999999983,1,1
51165,Rockingham County,VA,2200.961635,0.557,0.884282178217822,2.813227999858458,3.0616520844988897,0.9277874758352582,0.07644205453065224,0.0002221810926743836,0.284243277,0.283625948,45352,0.2526,638.0420430501302,8.918772331873576,7.1097935048961745,2.7766269468174465,89.9,245.07712999476223,244.75798925963002,,见指标口径：州级、产业、代表点代理；气候基期待核实,0.9999999999999968,0.9999999999999963,1,1
51167,Russell County,VA,1226.421372,0.826,0.828898514851485,1.9265855253245525,2.143800530844805,0.9584926493439069,0.063004116372735,0.00017183826728528443,0.887105161,0.887105161,9191,0.3468,547.808696492513,2.242249135176341,27.741454499745355,3.5913815570390897,89.9,245.07712999476223,244.75798925963002,,见指标口径：州级、产业、代表点代理；气候基期待核实,0.9999999999999934,0.999999999999993,1,1
51169,Scott County,VA,1387.786258,0.778,0.838799504950495,1.7889074359445885,2.014395463318848,0.9661516434311257,0.00480502891173193,0.0012474633618264571,0.976692564,0.976692564,8218,0.4712,753.4522969563802,4.681923667589824,13.698411283861237,1.6856190316782937,89.9,245.07712999476223,244.75798925963002,,见指标口径：州级、产业、代表点代理；气候基期待核实,0.999999999999998,0.9999999999999972,1,1
51171,Shenandoah County,VA,1315.922187,0.588,0.857982673267327,2.8187743215512304,3.0673722522769404,0.932219977076357,0.003367546990867598,0.00011168976397364939,0.337167536,0.298169845,21180,0.4298,666.2670857747396,12.647935422261556,2.0374590863838886,2.981170393841634,89.9,245.07712999476223,244.75798925963002,,见指标口径：州级、产业、代表点代理；气候基期待核实,0.9999999999999951,0.9999999999999974,1,1
51173,Smyth County,VA,1169.221995,0.661,0.765470297029703,1.3152730179650496,1.5792602877822206,0.9611191838139066,0.07533539278874819,0.0010775266194387953,0.984772452,0.984772452,11902,0.6841,344.62285970052085,1.0789788703123728,2.2460858803418002,1.606260521830938,89.9,245.07712999476223,244.75798925963002,,见指标口径：州级、产业、代表点代理；气候基期待核实,0.9999999999999986,0.9999999999999986,1,1
51175,Southampton County,VA,1552.048348,0.344,0.49009900990099,3.7205495379841897,4.058068907,0.956386460918672,0.005832010856242285,0.22124697301443091,0.512346339,0.512346339,7901,0.4279,1373.9895629882812,32.37005469004313,31.815078215243535,0.4632256865721155,89.9,245.07712999476223,244.75798925963002,,见指标口径：州级、产业、代表点代理；气候基期待核实,1.0000000000000009,1.0000000000000033,1,1
51177,Spotsylvania County,VA,1041.093159,0.259,0.256497524752475,2.4774254593178755,2.843341417300714,0.8759501449315276,0.036939940108825,0.07313275865630228,0.60308145,0.256927604,78647,0.2654,1074.8024088541667,24.56630605061849,13.31974952817028,17.420839009151766,89.9,245.07712999476223,244.75798925963002,,见指标口径：州级、产业、代表点代理；气候基期待核实,1.0000000000000007,1.0000000000000007,1,1
51179,Stafford County,VA,695.402835,0.247,0.45575495049505,3.3357176339776005,3.71527262700629,0.8104804450546971,0.03580870403888112,0.08186582606509506,0.722125273,0.450519289,85363,0.2428,1105.4203369140623,23.818035507202147,2.7931727592677253,7.297810237549134,89.9,245.07712999476223,244.75798925963002,,见指标口径：州级、产业、代表点代理；气候基期待核实,0.9930673522053753,0.992210958054453,1,1
51181,Surry County,VA,722.475751,0.354,0.10891089108910901,2.632381780741022,2.962917810516236,0.9598857508716292,0.015859127043461187,0.18884115360229795,0.942802211,0.942802211,3339,0.448,1406.3053792317708,30.18382390340169,25.657707731672495,19.202101100992564,89.9,245.07712999476223,244.75798925963002,,baseline_water_stress:有效县域面积覆盖<99%（诊断提示，非行业阈值）；water_stress_2050_bau:有效县域面积覆盖<99%（诊断提示，非行业阈值）,0.9239424938297994,0.9245372708819962,1,1
51183,Sussex County,VA,1269.725163,0.364,0.274443069306931,3.7205495379841897,4.058068907,0.9610552300685696,0.05436010606632029,0.17726665607967468,0.691725352,0.691725352,4551,0.7385,1373.221105957031,35.69814491271973,11.939307539796488,12.678011771479687,89.9,245.07712999476223,244.75798925963002,,见指标口径：州级、产业、代表点代理；气候基期待核实,0.9999999999999992,0.9999999999999992,1,1
51185,Tazewell County,VA,1343.663016,0.81,0.89325495049505,1.9945151124785931,2.2491774216054576,0.9540289380552278,0.062078930536553195,0.001056621539564458,0.477721883,0.464876033,14302,0.5883,327.52550048828124,0.5449943860371907,31.110400532930363,0.20533638922286612,89.9,245.07712999476223,244.75798925963002,,见指标口径：州级、产业、代表点代理；气候基期待核实,1.0000000000000018,1.0000000000000033,1,1
51187,Warren County,VA,555.738446,0.492,0.7800123762376241,2.8164460897765258,3.0655209624689435,0.9041378575373079,0.11566254957648577,0.0012578596041375345,0.420593829,0.400517751,21532,0.496,771.3235270182291,13.58764435450236,5.472136990876614,0.1846056468630296,89.9,245.07712999476223,244.75798925963002,,见指标口径：州级、产业、代表点代理；气候基期待核实,1.0000000000000033,1.0000000000000018,1,1
51191,Washington County,VA,1453.483675,0.634,0.49443069306930704,1.2704328864684595,1.5234178332938337,0.939163162565212,0.03740478783975602,0.000856535277775378,0.914181185,0.913937282,24783,0.2549,574.6161356608073,3.481581513086955,4.060807988060125,2.9172764318029056,89.9,245.07712999476223,244.75798925963002,,见指标口径：州级、产业、代表点代理；气候基期待核实,1.0000000000000009,0.999999999999998,1,1
51193,Westmoreland County,VA,593.954116,0.272,0.100247524752475,3.52704940404964,3.915208982048576,0.9254925396738503,0.01935223570381714,0.14546115338527885,0.218648019,0.218648019,7543,0.8193,1332.081681315104,30.141931597391764,61.26913971740921,31.177988678979453,89.9,245.07712999476223,244.75798925963002,,baseline_water_stress:有效县域面积覆盖<99%（诊断提示，非行业阈值）；water_stress_2050_bau:有效县域面积覆盖<99%（诊断提示，非行业阈值）,0.9715595175030964,0.9693865053278172,1,1
51195,Wise County,VA,1044.913732,0.889,0.8681930693069311,2.2565989282164933,2.4397404885662697,0.9432334054462416,0.0025194974299200023,0.0009469111637649806,0.671839671,0.671839671,13012,0.8046,527.4104838053386,1.1103869169950484,42.61872921279796,0.31037749409107274,89.9,245.07712999476223,244.75798925963002,,见指标口径：州级、产业、代表点代理；气候基期待核实,1.0000000000000022,1.000000000000002,1,1
51197,Wythe County,VA,1196.450505,0.577,0.281559405940594,1.8788529795532358,2.2743194278019483,0.9505617472081332,0.03531438049381104,0.00019868269623664984,0.666853898,0.582225551,14236,0.4139,437.1864054361979,1.7643111725648244,5.963911326063426,4.2375644321096635,89.9,245.07712999476223,244.75798925963002,,见指标口径：州级、产业、代表点代理；气候基期待核实,0.9999999999999984,0.9999999999999984,1,1
51199,York County,VA,271.175182,0.352,0.26423267326732697,3.8028479710721674,4.054554194,0.7009940542549238,0.05955935529653725,0.1668458353240962,0.691769572,0.084250867,33724,0.1543,1417.782763671875,25.06913369496663,14.3115584213981,4.058816745943998,89.9,245.07712999476223,244.75798925963002,,baseline_water_stress:有效县域面积覆盖<99%（诊断提示，非行业阈值）；water_stress_2050_bau:有效县域面积覆盖<99%（诊断提示，非行业阈值）,0.5441254104287927,0.543876005008525,1,1
51510,Alexandria city,VA,38.682331,0.13,0.601175742574257,3.5886680608434567,3.980139822,0.08812110909466817,0.0005303380594322433,0.00891318830258896,0.443478953,0.240187437,101035,0.3178,1289.9500447591147,23.291953341166177,1.9627408278880174,1.5184158620791457,89.9,245.07712999476223,244.75798925963002,,见指标口径：州级、产业、代表点代理；气候基期待核实,0.9969368513352891,0.9973538530641605,1,1
51520,Bristol city,VA,33.336228,0.534,0.165532178217822,1.267946005310194,1.521024453,0.33634360049454387,0.0,0.0020426812879643067,0.994153846,0.994153846,7383,0.7696,744.0539876302083,4.746685004234314,1.0368021838334667,0.4668815490406068,89.9,245.07712999476223,244.75798925963002,,见指标口径：州级、产业、代表点代理；气候基期待核实,0.999999999999998,0.9999999999999982,1,1
51530,Buena Vista city,VA,16.674753,0.658,0.9600866336633661,2.347786261981338,2.645844728,0.565081923180231,0.0,5.372011818426001e-05,0.86969112,0.865830116,3006,0.4983,756.1387369791667,11.392056719462078,5.443738046333541,0.038950087631070524,89.9,245.07712999476223,244.75798925963002,,见指标口径：州级、产业、代表点代理；气候基期待核实,1.0000000000000016,1.0000000000000016,1,1
51540,Charlottesville city,VA,26.535237,0.226,0.169863861386139,2.347786261981338,2.645844728,0.2468575300694562,0.01098011118508701,0.004844994070811452,0.684759748,0.669147387,24583,0.5727,1302.3140869140625,26.29709663391113,3.02469644759001,0.08300308859523581,89.9,245.07712999476223,244.75798925963002,,见指标口径：州级、产业、代表点代理；气候基期待核实,1.0000000000000009,1.0000000000000009,1,1
51550,Chesapeake city,VA,876.598055,0.508,0.257735148514851,2.0417220226104598,2.4889174125780373,0.7503967365924491,0.29060780155319277,0.483318669662756,0.673717595,0.008476352,125831,0.4149,1466.6316935221355,22.337963485717772,8.726630226868197,7.21964506003419,89.9,245.07712999476223,244.75798925963002,,见指标口径：州级、产业、代表点代理；气候基期待核实,1.0000000000000002,0.9999999999999998,1,1
51570,Colonial Heights city,VA,19.47536,0.253,0.563428217821782,3.1367336770545875,3.432467087,0.24517578035476922,0.0,0.15194573039372966,0.006714414,0.000447628,9357,0.5651,1487.2690185546876,38.645266723632815,0.1599778196563176,1.3449505415244056,89.9,245.07712999476223,244.75798925963002,,见指标口径：州级、产业、代表点代理；气候基期待核实,1,1,1,1
51580,Covington city,VA,14.16384,0.582,0.9619430693069311,2.347786261981338,2.645844728,0.5038328387734916,0.0,0.00012363996043521266,0.129692833,0.129692833,2142,0.3128,698.4631184895833,12.308213392893473,0.8889451565262735,0.24421245893356675,89.9,245.07712999476223,244.75798925963002,,见指标口径：州级、产业、代表点代理；气候基期待核实,0.999999999999999,0.999999999999999,1,1
51590,Danville city,VA,110.858218,0.201,0.44399752475247506,2.769729931985377,3.155046543,0.4796580259945368,0.0,0.002022513557287092,0.492923077,0.004576923,17867,0.9796,1283.6861775716145,34.836238924662275,56.976049637280305,1.16513102450174,89.9,245.07712999476223,244.75798925963002,,见指标口径：州级、产业、代表点代理；气候基期待核实,1.0000000000000027,1.0000000000000027,1,1
51595,Emporia city,VA,17.168108,0.318,0.576423267326733,3.7205495379841897,4.058068907,0.46970411102382825,0.0,0.13134328358208955,0.213726105,0.213412723,2195,0.9233,1354.9717447916669,35.86071675618489,1.3833375675165136,0.1197545419323539,89.9,245.07712999476223,244.75798925963002,,见指标口径：州级、产业、代表点代理；气候基期待核实,1.000000000000001,1.000000000000001,1,1
51600,Fairfax city,VA,16.163924,0.115,0.0816831683168317,3.443791740044756,3.832787907925718,0.1790243092087048,0.0,0.0010521069826679218,0.863356887,0.663301826,14612,0.3551,1069.620202636719,20.86354007720947,1.8676066167643381,5.951152315097236,89.9,245.07712999476223,244.75798925963002,,见指标口径：州级、产业、代表点代理；气候基期待核实,1.0000000000000007,1.000000000000001,1,1
51610,Falls Church city,VA,5.300262,0.048,0.116955445544554,3.5040879415836073,3.895782624019243,0.11073369565217392,0.0,0.0030570652173913045,0.995625,0.72,8367,0.2189,1160.946374511719,23.209536679585774,1.094494648479996,7.3440579511095,89.9,245.07712999476223,244.75798925963002,,见指标口径：州级、产业、代表点代理；气候基期待核实,1.0000000000000004,1.0000000000000004,1,1
51620,Franklin city,VA,21.438217,0.303,0.286509900990099,3.7205495379841897,4.058068907,0.561401300608349,0.0,0.15636668764422068,0.068130883,0.068130883,3570,0.7938,1364.840470377604,28.82916316986084,46.527031073331464,0.049483621987277404,89.9,245.07712999476223,244.75798925963002,,见指标口径：州级、产业、代表点代理；气候基期待核实,0.9999999999999991,0.9999999999999991,1,1
51630,Fredericksburg city,VA,27.066498,0.205,0.22679455445544602,2.7027135553703565,3.0523827680000006,0.29597377657108803,0.007723144990551124,0.038209390106615455,0.525613697,0.22856357,16496,0.7636,1165.3438639322917,30.13529001871745,1.4644234708306532,2.3148008849534487,89.9,245.07712999476223,244.75798925963002,,见指标口径：州级、产业、代表点代理；气候基期待核实,1.0000000000000016,1.0000000000000016,1,1
51640,Galax city,VA,21.332077,0.653,0.24102722772277202,1.8856368305962752,2.282656327,0.5625525121828264,0.0,0.0,0.876636983,0.876636983,2815,0.9532,432.3235636393229,1.387273340423902,14.936723105328703,0.9250213251024745,89.9,245.07712999476223,244.75798925963002,,见指标口径：州级、产业、代表点代理；气候基期待核实,0.999999999999999,0.999999999999999,1,1
51650,Hampton city,VA,133.282615,0.351,0.051980198019802,3.783336604140713,4.035093502715816,0.23928803761007048,0.005663832553331978,0.16070793848795176,0.610012578,0.001813555,66943,0.748,1517.3301798502605,21.40859915415446,3.834792513362541,4.6811653556639365,89.9,245.07712999476223,244.75798925963002,,baseline_water_stress:有效县域面积覆盖<99%（诊断提示，非行业阈值）；water_stress_2050_bau:有效县域面积覆盖<99%（诊断提示，非行业阈值）,0.44142996891540104,0.4380590722575941,1,1
51660,Harrisonburg city,VA,44.898874,0.392,0.179764851485149,2.819704746608247,3.067942118,0.2139164930277288,0.0,4.007052412245552e-05,0.554456864,0.549775485,25730,0.8648,807.4765441894531,15.3845734278361,0.38758394724160655,0.008165487901422798,89.9,245.07712999476223,244.75798925963002,,见指标口径：州级、产业、代表点代理；气候基期待核实,0.9999999999999999,0.9999999999999999,1,1
51670,Hopewell city,VA,26.817673,0.255,0.202042079207921,2.1548266396937117,2.475115552022247,0.20676565439398012,0.0,0.1042058586401505,0.315784753,0.000538117,10083,0.8801,1604.9927001953124,44.48429985046387,2.5967534368406557,0.0288048378448594,89.9,245.07712999476223,244.75798925963002,,见指标口径：州级、产业、代表点代理；气候基期待核实,0.9999999999999976,0.9999999999999992,1,1
51678,Lexington city,VA,6.473,0.526,0.561571782178218,2.347786261981338,2.645844728,0.26775578014675344,0.0,0.0,0.911440386,0.911440386,3444,0.0474,893.0587117513021,18.207386843363444,3.0118129510117866,1.070108034277115,89.9,245.07712999476223,244.75798925963002,,见指标口径：州级、产业、代表点代理；气候基期待核实,0.9999999999999997,0.9999999999999997,1,1
51680,Lynchburg city,VA,126.695077,0.317,0.21782178217821802,2.3477959544749485,2.645851074354399,0.49416801486432066,0.0,0.0006711551640091277,0.59954943,0.598489266,37164,0.7066,1101.398095703125,19.150407854715983,40.71502587679799,1.1445827701802576,89.9,245.07712999476223,244.75798925963002,,见指标口径：州级、产业、代表点代理；气候基期待核实,1.0000000000000095,1.0000000000000098,1,1
51683,Manassas city,VA,25.493247,0.13,0.232982673267327,3.5886680608434567,3.9801398220000004,0.0902379864309066,1.5660982919432864e-05,0.008190670369458994,0.686545696,0.008574906,24058,0.4884,1112.7548177083331,26.37443313598633,6.604304262584915,0.24072120315832132,89.9,245.07712999476223,244.75798925963002,,见指标口径：州级、产业、代表点代理；气候基期待核实,0.9999999999999981,0.9999999999999981,1,1
51685,Manassas Park city,VA,7.857548,0.202,0.639542079207921,3.5886680608434562,3.9801398219999995,0.2745502463618655,0.12730755348940997,0.0,0.737926594,0.0,10029,0.6532,1112.7548177083331,26.37443313598633,5.893783907553276,0.38254697989226466,89.9,245.07712999476223,244.75798925963002,,见指标口径：州级、产业、代表点代理；气候基期待核实,0.9999999999999983,1.0000000000000007,1,1
51690,Martinsville city,VA,28.374648,0.178,0.181311881188119,2.7697299319853768,3.155046543,0.4702863659401926,0.0,0.001362138874809934,0.890832566,0.890569512,5908,0.9297,995.9844136555988,23.296376609802245,48.08967991605346,0.47384734893125097,89.9,245.07712999476223,244.75798925963002,,见指标口径：州级、产业、代表点代理；气候基期待核实,0.9999999999999993,0.9999999999999993,1,1
51700,Newport News city,VA,178.698611,0.347,0.0575495049504951,3.802847971072168,4.054554194,0.3212930774074965,0.0036222173912176035,0.13825729455193353,0.698449787,0.004875309,88797,0.8406,1501.3129516601562,24.21282450358073,4.75594249931083,2.9699047565433063,89.9,245.07712999476223,244.75798925963002,,baseline_water_stress:有效县域面积覆盖<99%（诊断提示，非行业阈值）；water_stress_2050_bau:有效县域面积覆盖<99%（诊断提示，非行业阈值）,0.6320726127532597,0.6315714413354844,1,1
51710,Norfolk city,VA,137.981434,0.235,0.0253712871287129,1.1401255828034569,1.465933626,0.05990927079423049,0.0,0.028064973818325265,0.599106479,0.565800901,107182,0.8594,1520.1002604166667,23.37086124420166,1.9856090612882535,2.1205243664987883,89.9,245.07712999476223,244.75798925963002,,baseline_water_stress:有效县域面积覆盖<99%（诊断提示，非行业阈值）；water_stress_2050_bau:有效县域面积覆盖<99%（诊断提示，非行业阈值）,0.6601173257714124,0.6606781353961225,1,1
51720,Norton city,VA,19.366553,0.827,0.367574257425743,2.0011690976267165,2.215518112,0.6813375382617568,0.0,0.0,0.829700272,0.829700272,1502,0.769,376.8571004231771,0.3184066669394572,37.89847731857445,0.17198886296466845,89.9,245.07712999476223,244.75798925963002,,见指标口径：州级、产业、代表点代理；气候基期待核实,1.0000000000000004,1.0000000000000004,1,1
51730,Petersburg city,VA,58.845729,0.265,0.09777227722772279,3.3293571916434743,3.639075621148229,0.3943775835506948,0.0,0.06525419850821397,0.038174571,0.000204415,15207,0.9733,1443.612862141927,36.85441354115804,1.0446227607590641,1.0920445330313486,89.9,245.07712999476223,244.75798925963002,,见指标口径：州级、产业、代表点代理；气候基期待核实,1.000000000000001,0.9999999999999994,1,1
51735,Poquoson city,VA,39.77369,0.41,0.478341584158416,3.802847971072168,4.054554194,0.6535030359645025,0.3116417478541691,0.5799159271368519,0.955066568,0.000369822,6853,0.0038,1501.5849934895834,20.769597721099853,11.069034644390978,11.187874038771794,89.9,245.07712999476223,244.75798925963002,,baseline_water_stress:有效县域面积覆盖<99%（诊断提示，非行业阈值）；water_stress_2050_bau:有效县域面积覆盖<99%（诊断提示，非行业阈值）,0.2712582144845973,0.26961287974131676,1,1
51740,Portsmouth city,VA,86.248205,0.24,0.0748762376237624,1.1401255828034569,1.465933626,0.1875289559027924,0.0,0.0451501495177526,0.668709406,0.012731157,43784,0.8355,1506.9204223632812,22.743598429361978,4.538397014894531,0.7327851453206146,89.9,245.07712999476223,244.75798925963002,,baseline_water_stress:有效县域面积覆盖<99%（诊断提示，非行业阈值）；water_stress_2050_bau:有效县域面积覆盖<99%（诊断提示，非行业阈值）,0.8393238364288559,0.8393812119013329,1,1
51750,Radford city,VA,25.061729,0.457,0.200185643564356,1.885636830596275,2.282656327,0.4956053811659193,0.0,0.00017937219730941703,0.117812685,0.111440427,8871,0.3408,613.026436360677,3.3588300148646035,2.2158828956813625,2.2248870942070997,89.9,245.07712999476223,244.75798925963002,,见指标口径：州级、产业、代表点代理；气候基期待核实,0.9999999999999984,0.9999999999999984,1,1
51760,Richmond city,VA,155.205068,0.177,0.067759900990099,2.454005571426488,2.7494100146904987,0.1995100317274537,0.010788691196866729,0.024050901621944152,0.68239254,0.00331071,130766,0.8333,1343.370235188802,30.38526859283447,2.0158835369915202,0.009147783595810519,89.9,245.07712999476223,244.75798925963002,,见指标口径：州级、产业、代表点代理；气候基期待核实,0.9999999999999952,0.9999999999999949,1,1
51770,Roanoke city,VA,110.129888,0.399,0.42821782178217804,2.7697299319853768,3.155046543,0.24054957718589212,0.0,0.0,0.70265169,0.6861272,48738,0.8521,1157.9026692708333,22.97145347595215,1.792493092527808,0.17552854364318132,89.9,245.07712999476223,244.75798925963002,,见指标口径：州级、产业、代表点代理；气候基期待核实,0.9999999999999988,0.9999999999999988,1,1
51775,Salem city,VA,37.597966,0.462,0.608910891089109,2.7697299319853763,3.155046543,0.25792349726775954,0.0,0.0,0.747789706,0.743211241,13413,0.3248,1116.765242513021,20.404090245564777,2.63053205718924,0.2665666362461617,89.9,245.07712999476223,244.75798925963002,,见指标口径：州级、产业、代表点代理；气候基期待核实,0.9999999999999979,1.0000000000000009,1,1
51790,Staunton city,VA,51.593818,0.456,0.351485148514851,2.819704746608247,3.067942118,0.5298646553676253,0.0,0.0,0.786426573,0.786067867,13273,0.6048,799.9847106933594,11.168731768925984,3.912237975464496,0.6667416945151187,89.9,245.07712999476223,244.75798925963002,,见指标口径：州级、产业、代表点代理；气候基期待核实,0.9999999999999997,1.0000000000000002,1,1
51800,Suffolk city,VA,1033.837944,0.384,0.0758044554455445,2.3267364345799213,2.7078319527527874,0.8737804555050249,0.15166887410331995,0.3493843552685625,0.647566651,0.605401644,50564,0.4788,1388.1778076171877,24.930801836649575,21.279565742207165,1.0286922491371366,89.9,245.07712999476223,244.75798925963002,,baseline_water_stress:有效县域面积覆盖<99%（诊断提示，非行业阈值）；water_stress_2050_bau:有效县域面积覆盖<99%（诊断提示，非行业阈值）,0.9696936747057584,0.96885646801187,1,1
51810,Virginia Beach city,VA,633.821986,0.586,0.00618811881188119,2.193390776865507,2.6624983145479337,0.5424224496389445,0.16445957159577984,0.31648967044156046,0.628000657,0.009655232,233058,0.307,1525.9467814127604,21.20953070322673,6.924662061595166,2.745419379162609,89.9,245.07712999476223,244.75798925963002,,baseline_water_stress:有效县域面积覆盖<99%（诊断提示，非行业阈值）；water_stress_2050_bau:有效县域面积覆盖<99%（诊断提示，非行业阈值）,0.5711429509058283,0.5705830431970388,0.999996507670204,1
51820,Waynesboro city,VA,38.771594,0.465,0.666460396039604,2.819704746608247,3.067942118,0.42565966550875334,0.0,0.0008511813016172444,0.099031765,0.098946832,12120,0.7601,845.9502115885417,12.169993241628012,2.0699008928427536,0.9798070553215869,89.9,245.07712999476223,244.75798925963002,,见指标口径：州级、产业、代表点代理；气候基期待核实,0.9999999999999997,0.9999999999999997,1,1
51830,Williamsburg city,VA,23.149768,0.313,0.03125,3.8028479710721674,4.054554194,0.5456482162915908,0.0,0.07096099469341907,0.483075071,0.388897247,7135,0.3802,1370.7797485351562,27.610490163167317,3.8015386819202903,0.7580951224007243,89.9,245.07712999476223,244.75798925963002,,见指标口径：州级、产业、代表点代理；气候基期待核实,1.0000000000000013,1.0000000000000013,1,1
51840,Winchester city,VA,23.809501,0.3,0.04424504950495051,2.8177826710561424,3.24617363,0.13802593877243252,0.0,0.0003770170411702609,0.733747804,0.719556697,14625,0.9033,893.673280843099,16.20895004272461,2.059904116908261,0.8109849372096721,89.9,245.07712999476223,244.75798925963002,,见指标口径：州级、产业、代表点代理；气候基期待核实,1.0000000000000029,1.0000000000000029,1,1
13001,Appling County,GA,1316.393793,0.542,0.23267326732673302,0.7651955300472733,0.7145068300168177,0.9234443187604444,0.025635483832204722,0.29941391766141184,0.633191748,0.633191748,8824,0.9122,2186.5702311197915,73.06198755900066,71.25830095263419,1.6896912720807074,72.1,211.4154781728841,325.42757789465,,见指标口径：州级、产业、代表点代理；气候基期待核实,0.9999999999999998,1.0000000000000004,1,1
13003,Atkinson County,GA,887.642157,0.611,0.225556930693069,1.6718057087113112,1.666399116302934,0.943446722170842,0.015502590004870856,0.3179935433091604,0.60433024,0.588627171,3754,0.8444,2187.9940836588544,77.72325922648112,56.12967010241723,3.7955695329319084,72.1,211.4154781728841,325.42757789465,,见指标口径：州级、产业、代表点代理；气候基期待核实,1.0000000000000004,1.0000000000000018,1,1
13005,Bacon County,GA,735.776107,0.532,0.11509900990099001,1.2482862615613577,1.165489541,0.9254285721269839,0.0,0.2929006015776441,1.0,1.0,4601,0.889,2239.825935872396,72.69285265604655,94.403787674103,11.61770052625278,72.1,211.4154781728841,325.42757789465,,见指标口径：州级、产业、代表点代理；气候基期待核实,0.9999999999999974,0.9999999999999974,1,1
13007,Baker County,GA,885.665382,0.53,0.968440594059406,1.1652933984148754,1.134330805,0.9591233607182724,0.15494539207297048,0.1640938074702259,0.74205159,0.74205159,904,0.7162,2297.812255859375,77.34104690551757,83.36378533520502,19.13975020136568,72.1,211.4154781728841,325.42757789465,,见指标口径：州级、产业、代表点代理；气候基期待核实,1.0000000000000004,1.0000000000000004,1,1
13009,Baldwin County,GA,670.028049,0.585,0.465037128712871,2.1016018680269624,1.909171031,0.882016326069836,0.01239980925425343,0.07716446754810599,0.71817294,0.71817294,19197,0.923,1841.5551106770831,60.71126314798991,40.76621229086302,1.6428310753699205,72.1,211.4154781728841,325.42757789465,,见指标口径：州级、产业、代表点代理；气候基期待核实,0.9999999999999998,1.0000000000000033,1,1
13011,Banks County,GA,602.57815,0.594,0.33353960396039595,2.929870761592893,2.733165841412153,0.9360638854402185,0.025381608020013588,0.03179814919420345,0.109761849,0.109643952,9706,0.3373,1387.7676188151042,29.498154894510904,9.952196771096625,11.96943736338027,72.1,211.4154781728841,325.42757789465,,见指标口径：州级、产业、代表点代理；气候基期待核实,1.0000000000000024,1.0000000000000036,1,1
13013,Barrow County,GA,417.122366,0.448,0.48205445544554504,2.101601868026963,1.909171031,0.7574565793599993,0.01764683345020458,0.0309217676700418,0.532093224,0.53144433,49274,0.4887,1499.051582845052,37.97758922576904,14.215467659393612,0.6063383919582049,72.1,211.4154781728841,325.42757789465,,见指标口径：州级、产业、代表点代理；气候基期待核实,1.000000000000004,1.000000000000004,1,1
13015,Bartow County,GA,1188.576977,0.649,0.347153465346535,3.418650067202911,3.150536211721366,0.8435810739194031,0.04751171905359102,0.004625830151024648,0.414888635,0.412490868,56684,0.454,1461.2584879557292,33.63199570973714,4.106558397151116,2.5774303645511925,72.1,211.4154781728841,325.42757789465,,见指标口径：州级、产业、代表点代理；气候基期待核实,1.0000000000000013,0.9999999999999996,1,1
13017,Ben Hill County,GA,647.802704,0.529,0.062190594059405906,2.56704237473867,2.530554056332882,0.9174325273610747,0.0,0.176071061896508,0.758894571,0.74790556,7001,0.9265,2320.150081380208,76.84320907592773,42.217187200243046,6.3873987212894905,72.1,211.4154781728841,325.42757789465,,见指标口径：州级、产业、代表点代理；气候基期待核实,1.0000000000000018,1.000000000000002,1,1
13019,Berrien County,GA,1174.239572,0.544,0.261757425742574,2.8615833765292407,3.072920026,0.9393543381671638,0.00739836650752707,0.2755512946366746,0.817548443,0.817221859,8609,0.6748,2202.3437744140624,73.7176394144694,23.238833599050945,8.535270788394966,72.1,211.4154781728841,325.42757789465,,见指标口径：州级、产业、代表点代理；气候基期待核实,0.9999999999999968,0.9999999999999968,1,1
13021,Bibb County,GA,645.898854,0.542,0.0826113861386139,2.5941844188976857,2.469893082,0.6507781232381984,0.03931453875239692,0.1554153246738748,0.403397293,0.393202912,63387,0.9644,1990.6732747395831,64.28104489644369,2.704888598194569,4.586761765103279,72.1,211.4154781728841,325.42757789465,,见指标口径：州级、产业、代表点代理；气候基期待核实,1.0000000000000016,0.9999999999999986,1,1
13023,Bleckley County,GA,559.122131,0.481,0.191831683168317,2.4661605231195733,2.32023418583933,0.9133742566967322,0.06220609340603918,0.17272167044154016,0.947464369,0.947464369,5441,0.7063,2106.184696451823,71.67978439331054,17.132126535464028,2.986716665650039,72.1,211.4154781728841,325.42757789465,,见指标口径：州级、产业、代表点代理；气候基期待核实,1,0.9999999999999991,1,1
13025,Brantley County,GA,1147.972265,0.678,0.356435643564356,1.177970828377322,1.1008552735856914,0.9278714523425232,0.05129083406452463,0.4061445380669774,0.962102689,0.962102689,8594,0.3974,2248.0844156901044,71.54732411702474,35.926410261995755,0.33010670966844297,72.1,211.4154781728841,325.42757789465,,见指标口径：州级、产业、代表点代理；气候基期待核实,0.9999999999999992,0.9999999999999992,1,1
13027,Brooks County,GA,1277.341891,0.529,0.30847772277227703,2.8405969214724944,3.0339722256524224,0.9521672082198999,0.005008464233057214,0.24733959778695003,0.681403172,0.681403172,6465,0.9275,2294.583642578125,76.85538431803386,22.938287077432857,3.4514351711620326,72.1,211.4154781728841,325.42757789465,,见指标口径：州级、产业、代表点代理；气候基期待核实,1.0000000000000009,1.0000000000000009,1,1
13029,Bryan County,GA,1133.284239,0.676,0.598081683168317,0.8207086059047767,0.630086639,0.9110180321336782,0.09244845179729956,0.4268157941107836,0.776621102,0.717906309,24391,0.3115,2284.184293619792,63.68989957173665,12.087303655252171,12.341112641478242,72.1,211.4154781728841,325.42757789465,,见指标口径：州级、产业、代表点代理；气候基期待核实,0.9941441189298724,0.9940115981280413,1,1
13031,Bulloch County,GA,1750.735216,0.515,0.156559405940594,0.8207086059047766,0.630086639,0.9018797258684289,0.027970700979506814,0.3489935552692589,0.601479131,0.601479131,39252,0.8374,2198.5204264322915,67.07814801534018,12.893356992713603,5.5263256568135315,72.1,211.4154781728841,325.42757789465,,见指标口径：州级、产业、代表点代理；气候基期待核实,0.9999999999999888,0.9999999999999888,1,1
13033,Burke County,GA,2142.029072,0.551,0.110457920792079,2.1385820429230393,1.9442198953432213,0.9426718251019301,0.041407120923233856,0.289443116618798,0.434038581,0.433105165,10395,0.7483,1925.9469645182292,62.03187840779622,37.74888101826149,0.30070674016438675,72.1,211.4154781728841,325.42757789465,,见指标口径：州级、产业、代表点代理；气候基期待核实,0.9999999999999976,1,1,1
13035,Butts County,GA,475.754795,0.579,0.35612623762376205,2.643772465431021,2.5241025760469675,0.9049938474159147,0.011910356481378774,0.04143689423631999,0.743446379,0.743446379,11299,0.5565,1703.044120279948,43.91316528320313,12.78640805292393,0.6243492862000727,72.1,211.4154781728841,325.42757789465,,见指标口径：州级、产业、代表点代理；气候基期待核实,1.000000000000001,1.0000000000000009,1,1
13037,Calhoun County,GA,726.191507,0.507,0.09993811881188121,1.1652933984148754,1.134330805,0.9596018200536733,0.07996037025687587,0.28156516715509217,0.210333605,0.210333605,1851,0.9688,2217.7035319010415,70.01010271708171,92.88759013708618,6.851548378484679,72.1,211.4154781728841,325.42757789465,,见指标口径：州级、产业、代表点代理；气候基期待核实,1.0000000000000016,1.0000000000000024,1,1
13039,Camden County,GA,1632.396445,0.764,0.09529702970297031,1.2482862615613577,1.165489541,0.9272168231483007,0.06755659427213236,0.5027837259100643,0.837575623,0.831636417,24055,0.6618,2498.705037434896,53.16195564270019,4.180937672951043,7.365940072359083,72.1,211.4154781728841,325.42757789465,,baseline_water_stress:有效县域面积覆盖<99%（诊断提示，非行业阈值）；water_stress_2050_bau:有效县域面积覆盖<99%（诊断提示，非行业阈值）,0.8732477496961671,0.8725837553481414,0.999957780930135,1
13043,Candler County,GA,629.520842,0.532,0.267326732673267,0.9386943224646344,0.7526692794208245,0.9263172952180243,0.019739354102912256,0.3100735339938929,0.997726842,0.997726842,4741,0.916,2230.991984049479,74.20559056599934,3.2385104239232785,1.3931514236059273,72.1,211.4154781728841,325.42757789465,,见指标口径：州级、产业、代表点代理；气候基期待核实,1.0000000000000038,1.0000000000000038,1,1
13045,Carroll County,GA,1292.705389,0.838,0.19894801980198001,2.674351152637184,2.4422651320300064,0.8659177897253262,0.0027474957634338404,0.025235033548211813,0.691672595,0.688920508,63362,0.8428,1349.5863932291666,27.73567174275716,12.100655205212664,0.6107113781393234,72.1,211.4154781728841,325.42757789465,,见指标口径：州级、产业、代表点代理；气候基期待核实,0.9999999999999983,0.9999999999999986,1,1
13047,Catoosa County,GA,419.998917,0.702,0.713180693069307,0.31236054215276465,0.280437803,0.7953112535062662,0.0,0.006506429227034492,0.58935411,0.58935411,34455,0.3086,1405.244405110677,30.63939514160156,1.33934659084041,3.291829700806426,72.1,211.4154781728841,325.42757789465,,见指标口径：州级、产业、代表点代理；气候基期待核实,0.9999999999999994,1.0000000000000002,1,1
13049,Charlton County,GA,2020.415649,0.755,0.301980198019802,1.815917442219803,1.8364463936606963,0.9574884980955991,0.4076650850818798,0.523200462525996,0.74266448,0.74266448,4417,0.8855,2427.6681559244794,85.41323394775391,44.704859985018906,13.09976038540968,72.1,211.4154781728841,325.42757789465,,见指标口径：州级、产业、代表点代理；气候基期待核实,1.000000000000006,1.000000000000004,1,1
13051,Chatham County,GA,1120.736307,0.754,0.29548267326732697,1.3092848812324227,1.1166436468840895,0.6943776115434734,0.22104811638347563,0.5099480727506671,0.633356167,0.630909743,156394,0.805,2278.2927408854166,54.37187207539876,6.200173524998914,7.096754425291738,72.1,211.4154781728841,325.42757789465,,baseline_water_stress:有效县域面积覆盖<99%（诊断提示，非行业阈值）；water_stress_2050_bau:有效县域面积覆盖<99%（诊断提示，非行业阈值）,0.7828774162277583,0.7826698221490265,1,1
13053,Chattahoochee County,GA,644.225832,0.586,0.111076732673267,0.02673397358246516,0.026579610830519188,0.9021762025189325,0.0001619977655632816,0.0801084125759704,0.186491333,0.186491333,1213,0.6554,2039.6608927408856,61.17493120829264,14.326327675767022,0.12356380293806463,72.1,211.4154781728841,325.42757789465,,见指标口径：州级、产业、代表点代理；气候基期待核实,0.9999999999999998,1.0000000000000004,1,1
13055,Chattooga County,GA,811.512397,0.785,0.80259900990099,1.838064287550523,1.5400199899032252,0.9483934263756068,0.015883602508480508,0.006284297810828858,0.694976783,0.694976783,9029,0.9481,1331.7098103841147,32.2814640045166,30.287495868596707,0.46766000811526637,72.1,211.4154781728841,325.42757789465,,见指标口径：州级、产业、代表点代理；气候基期待核实,1.0000000000000004,0.9999999999999994,1,1
13057,Cherokee County,GA,1090.268755,0.587,0.594678217821782,3.6346924349863228,3.3471402177167597,0.7736034851224725,0.01683001877925518,0.005337004767384514,0.726359685,0.722063734,153630,0.1969,1357.469950358073,25.476819610595705,0.7019213221753118,0.14783001583257094,72.1,211.4154781728841,325.42757789465,,见指标口径：州级、产业、代表点代理；气候基期待核实,1.000000000000001,1.0000000000000013,1,1
13059,Clarke County,GA,308.985565,0.509,0.25247524752475203,2.135617565802507,1.9427972855223674,0.6556309762208178,0.031471790152983604,0.03538125001806051,0.42881644,0.428043881,65916,0.7502,1682.6774454752604,44.86087659200032,32.65175172117717,0.33839310120131316,72.1,211.4154781728841,325.42757789465,,见指标口径：州级、产业、代表点代理；气候基期待核实,0.9999999999999966,0.9999999999999966,1,1
13061,Clay County,GA,506.093893,0.527,0.544554455445545,0.10867839886895356,0.10610634496106934,0.9553585388387463,0.011207479986023674,0.08527290171274252,0.72976559,0.72976559,929,0.9061,2188.622843424479,67.52021764119466,87.36823101044189,19.142248111925653,72.1,211.4154781728841,325.42757789465,,见指标口径：州级、产业、代表点代理；气候基期待核实,0.9999999999999974,0.9999999999999974,1,1
13063,Clayton County,GA,367.009134,0.466,0.21844059405940602,2.1681031137152362,2.1337675021030376,0.3330237207147907,0.04635176408009723,0.0445549623345279,0.587777248,0.582222186,145119,0.9488,1719.8891560872396,32.648726081848146,4.783718821582419,5.395216049324842,72.1,211.4154781728841,325.42757789465,,见指标口径：州级、产业、代表点代理；气候基期待核实,0.999999999999999,0.9999999999999992,1,1
13065,Clinch County,GA,2110.841411,0.711,0.86509900990099,2.8100064229312376,3.0119492143406634,0.9460114192736849,0.07437527766624749,0.4550868766965715,0.266460326,0.266460326,2472,0.9348,2233.02705078125,80.03414840698242,53.63540038772967,10.66393201418755,72.1,211.4154781728841,325.42757789465,,见指标口径：州级、产业、代表点代理；气候基期待核实,0.9999999999999966,0.9999999999999966,1,1
13067,Cobb County,GA,879.793162,0.517,0.39108910891089105,2.83418257231322,2.6211896659765554,0.3218290495992888,0.0027342172194286837,0.016498433551062768,0.509102486,0.505201007,420742,0.3993,1451.740360514323,32.11747252146403,5.41065377927693,2.4712496669880126,72.1,211.4154781728841,325.42757789465,,见指标口径：州级、产业、代表点代理；气候基期待核实,0.9999999999999988,0.9999999999999988,1,1
13069,Coffee County,GA,1533.916511,0.53,0.0931311881188119,1.3966526102197216,1.315207910673089,0.9179100816483863,0.01822253065694086,0.25370688346123743,0.710607263,0.710607263,18325,0.9609,2203.380118815104,77.47298126220703,63.770044689852135,2.741047977767156,72.1,211.4154781728841,325.42757789465,,见指标口径：州级、产业、代表点代理；气候基期待核实,0.9999999999999964,0.9999999999999963,1,1
13071,Colquitt County,GA,1416.897182,0.485,0.168007425742574,2.7823417471811625,2.9385799333576905,0.9094257979671474,0.007309913618705441,0.19913357144711424,0.716349879,0.705866266,21472,0.9847,2295.207763671875,73.61512285868326,29.52853121829435,0.9963905229312676,72.1,211.4154781728841,325.42757789465,,见指标口径：州级、产业、代表点代理；气候基期待核实,0.9999999999999983,0.9999999999999986,1,1
13073,Columbia County,GA,751.599702,0.623,0.646658415841584,2.931926380780837,2.735302759,0.7706804918590429,0.012217903661102756,0.04431628746299839,0.499100496,0.498135174,75299,0.23,1727.334785970052,57.015149688720705,6.904872616866323,10.61210036942745,72.1,211.4154781728841,325.42757789465,,见指标口径：州级、产业、代表点代理；气候基期待核实,1.0000000000000004,0.999999999999996,1,1
13075,Cook County,GA,591.694198,0.499,0.225866336633663,2.8615833765292407,3.072920026,0.9024384381858248,0.004465155109666866,0.27444559442282185,0.741780273,0.733417344,7902,0.9338,2257.7932698567706,73.77168769836426,1.4070442416438826,0.08991112305477474,72.1,211.4154781728841,325.42757789465,,见指标口径：州级、产业、代表点代理；气候基期待核实,0.9999999999999967,0.9999999999999967,1,1
13077,Coweta County,GA,1142.174889,0.632,0.192759900990099,1.8500681955268017,1.741073715173898,0.8252593429977391,0.01139717907384606,0.05688921399122224,0.467404674,0.459348093,80512,0.2402,1597.12724609375,36.913720703125,0.1437519261483259,0.10613334915219225,72.1,211.4154781728841,325.42757789465,,见指标口径：州级、产业、代表点代理；气候基期待核实,1.0000000000000064,1.0000000000000064,1,1
13079,Crawford County,GA,841.524046,0.64,0.379950495049505,1.799194256201691,1.7274985222954222,0.9442125741318432,0.004708260210184618,0.11118062459291762,0.975506757,0.975506757,5292,0.6837,1890.646337890625,59.046179580688474,22.345050613504,7.585514949974193,72.1,211.4154781728841,325.42757789465,,见指标口径：州级、产业、代表点代理；气候基期待核实,1.0000000000000007,0.9999999999999997,1,1
13081,Crisp County,GA,706.237949,0.478,0.656559405940594,1.7001656942400494,1.7455198790481,0.8885609193533638,0.008437378184025728,0.17765096477234624,0.505662021,0.500174216,9116,0.978,2269.278141276042,78.02267990112304,1.1842628497360703,1.0098458920017688,72.1,211.4154781728841,325.42757789465,,见指标口径：州级、产业、代表点代理；气候基期待核实,1.0000000000000024,1.0000000000000024,1,1
13083,Dade County,GA,450.855119,0.779,0.7611386138613859,0.36800309843004714,0.3218472875790615,0.9240915445492673,0.05609039518490801,0.0021460128760772564,0.987699259,0.987699259,7449,0.4388,1110.4251708984375,19.0670134862264,1.556626345502701,0.5397568939245759,72.1,211.4154781728841,325.42757789465,,见指标口径：州级、产业、代表点代理；气候基期待核实,0.9999999999999996,0.9999999999999993,1,1
13085,Dawson County,GA,546.042252,0.677,0.543935643564356,3.583708945904366,3.300675767225076,0.9147645973336491,0.19885893875378496,0.004716934584603847,0.497816594,0.497816594,16781,0.1861,1131.3368611653646,16.084179083506267,21.37959478011754,15.398765415009276,72.1,211.4154781728841,325.42757789465,,见指标口径：州级、产业、代表点代理；气候基期待核实,0.9999999999999981,0.9999999999999996,1,1
13087,Decatur County,GA,1546.842847,0.54,0.962871287128713,1.4503219759903994,1.4487019016453258,0.9277591969390965,0.0380891490879645,0.1593489012983033,0.491375905,0.400394997,11938,0.9679,2337.2658935546874,77.88280995686848,33.79467428592054,0.7629870235584567,72.1,211.4154781728841,325.42757789465,,见指标口径：州级、产业、代表点代理；气候基期待核实,0.9999999999999977,0.9999999999999972,1,1
13089,DeKalb County,GA,693.251647,0.387,0.312190594059406,3.172049455819984,3.0803540763493626,0.3217347720440914,0.03116157334305546,0.015347769528974228,0.606447408,0.599244199,402796,0.7903,1587.7737630208333,31.47008934020996,0.5926811913762783,3.8154950061874193,72.1,211.4154781728841,325.42757789465,,见指标口径：州级、产业、代表点代理；气候基期待核实,1.0000000000000027,1.0000000000000027,1,1
13091,Dodge County,GA,1284.55487,0.545,0.265779702970297,2.5018170263070596,2.356824039722772,0.9287717561371699,0.0,0.23923110919034252,0.694769549,0.689798032,8091,0.8559,2204.7614501953126,76.10488306681314,39.70630004553085,1.2513124020287172,72.1,211.4154781728841,325.42757789465,,见指标口径：州级、产业、代表点代理；气候基期待核实,1.0000000000000016,0.9999999999999986,1,1
13093,Dooly County,GA,1016.908643,0.445,0.436262376237624,1.6081599877808328,1.5525399260643384,0.9317614560978891,0.013222434374790485,0.16633156065623925,0.88271824,0.88271824,3950,0.9313,2171.769970703125,73.29885711669922,4.766621519486076,3.191547165909338,72.1,211.4154781728841,325.42757789465,,见指标口径：州级、产业、代表点代理；气候基期待核实,1.0000000000000016,1.0000000000000016,1,1
13095,Dougherty County,GA,851.183382,0.561,0.703589108910891,1.1652933984148754,1.134330805,0.819325252063721,0.05667547562103595,0.2357467803647575,0.478248426,0.448527145,32613,0.9761,2238.0760579427083,76.10166625976562,56.5900465470188,2.9210732046214014,72.1,211.4154781728841,325.42757789465,,见指标口径：州级、产业、代表点代理；气候基期待核实,1.0000000000000027,1.0000000000000002,1,1
13097,Douglas County,GA,518.35001,0.67,0.160272277227723,2.4115917257827646,2.238973366,0.6811356897320843,0.032397871041348246,0.01785055148827486,0.72373324,0.722905188,76333,0.7012,1493.1599446614584,30.84349708557129,2.5919288512739995,4.71093106588416,72.1,211.4154781728841,325.42757789465,,见指标口径：州级、产业、代表点代理；气候基期待核实,0.9999999999999987,0.9999999999999987,1,1
13099,Early County,GA,1327.626624,0.501,0.43935643564356397,0.6190411351461493,0.6027513536949357,0.9509260308321896,0.017010954001655556,0.19995400205837396,0.543959732,0.543959732,3540,0.9357,2234.7774251302085,74.15402259826661,71.80599060301233,6.64501235582381,72.1,211.4154781728841,325.42757789465,,见指标口径：州级、产业、代表点代理；气候基期待核实,1.000000000000001,1.0000000000000002,1,1
13101,Echols County,GA,1088.84947,0.681,0.45884900990099,2.8615833765292407,3.072920026,0.9495218591663923,0.0,0.4253203733815913,0.220869565,0.220869565,1785,0.4623,2306.42822265625,80.1769276936849,24.80069324264903,12.298869669975595,72.1,211.4154781728841,325.42757789465,,见指标口径：州级、产业、代表点代理；气候基期待核实,1.0000000000000018,1.0000000000000018,1,1
13103,Effingham County,GA,1240.163625,0.548,0.451732673267327,2.077444130333897,1.8830344054232628,0.8892998648241622,0.04556814149155849,0.4293142408981845,0.28550492,0.285190872,36576,0.2851,2232.722420247396,62.613263575236,22.257026782051714,2.7663552062636056,72.1,211.4154781728841,325.42757789465,,见指标口径：州级、产业、代表点代理；气候基期待核实,0.9999999999999997,1.0000000000000069,1,1
13105,Elbert County,GA,909.35214,0.58,0.18873762376237602,2.931926380780837,2.735302759,0.928242189046846,0.024660285315146788,0.024462440106126006,0.310938215,0.005125858,8738,0.9224,1519.6598592122396,40.93811111450195,43.931550209007995,1.5804643371462135,72.1,211.4154781728841,325.42757789465,,见指标口径：州级、产业、代表点代理；气候基期待核实,1.0000000000000042,1.0000000000000038,1,1
13107,Emanuel County,GA,1762.679432,0.547,0.13861386138613901,1.410200843271213,1.2430649536867935,0.931517573692406,0.027096642150668114,0.25773683374692846,0.99982678,0.99982678,9870,0.9494,2126.059855143229,71.30938873291015,20.37225277889497,2.9257154521154796,72.1,211.4154781728841,325.42757789465,,见指标口径：州级、产业、代表点代理；气候基期待核实,0.9999999999999938,0.9999999999999938,1,1
13109,Evans County,GA,473.690212,0.568,0.401608910891089,0.806921346324734,0.6195925129101186,0.9176092289083307,3.924115582226239e-05,0.30402280931756115,0.851496121,0.851496121,4900,0.9784,2246.2558430989584,71.0933671315511,17.046720073165893,0.9098507290676416,72.1,211.4154781728841,325.42757789465,,见指标口径：州级、产业、代表点代理；气候基期待核实,1.0000000000000042,1.0000000000000042,1,1
13111,Fannin County,GA,1002.600783,0.752,0.8233292079207919,0.440935588670593,0.40894887067343544,0.9564572273875414,0.27419272115124516,0.00021004367831361855,0.362969044,0.36272758,11123,0.6172,708.5736287434896,6.025788577397664,54.324152388042215,0.520140126975239,72.1,211.4154781728841,325.42757789465,,见指标口径：州级、产业、代表点代理；气候基期待核实,1.0000000000000004,1.000000000000001,1,1
13113,Fayette County,GA,504.256682,0.545,0.296101485148515,1.1652933984148754,1.134330805,0.6879149189742748,0.01325192784824109,0.08372331182281566,0.641568929,0.627783119,59323,0.1686,1669.0053304036458,33.77586994171143,16.58748392500004,8.63657746919564,72.1,211.4154781728841,325.42757789465,,见指标口径：州级、产业、代表点代理；气候基期待核实,0.9999999999999964,0.9999999999999964,1,1
13115,Floyd County,GA,1320.461793,0.787,0.499071782178218,2.4512971137673114,2.176128921179449,0.8857148501416227,0.0640738338103896,0.01361729607775551,0.517723185,0.51381882,48038,0.9284,1446.0132771809897,35.526956176757814,30.42243771266966,0.5965964397570399,72.1,211.4154781728841,325.42757789465,,见指标口径：州级、产业、代表点代理；气候基期待核实,1.0000000000000022,1.000000000000003,1,1
13117,Forsyth County,GA,581.754407,0.56,0.622215346534653,2.7878724568238606,2.5797737576963,0.5985869956800064,0.005552211620753493,0.013500364874726344,0.701523552,0.693154069,148478,0.07,1293.3383911132812,22.745748202006023,18.545951176140786,15.597353916555212,72.1,211.4154781728841,325.42757789465,,见指标口径：州级、产业、代表点代理；气候基期待核实,0.999999999999998,0.9999999999999983,1,1
13119,Franklin County,GA,676.873326,0.566,0.43811881188118795,2.9319263807808364,2.735302759,0.9187664958241433,0.003013384461236741,0.03535726186509259,0.198730662,0.198730662,10089,0.8314,1520.7092244466146,35.5015308380127,1.6349095195804424,10.97260550985208,72.1,211.4154781728841,325.42757789465,,见指标口径：州级、产业、代表点代理；气候基期待核实,1.0000000000000004,1.0000000000000004,1,1
13121,Fulton County,GA,1364.484194,0.497,0.262376237623762,2.4836400983057607,2.3205530871099476,0.4504857774837587,0.00610807798119222,0.016997120613007892,0.618450363,0.600084115,598999,0.6599,1549.4467610677084,30.74096450805664,1.8556666732837332,1.6671767063276282,72.1,211.4154781728841,325.42757789465,,见指标口径：州级、产业、代表点代理；气候基期待核实,1.000000000000009,1.0000000000000089,1,1
13123,Gilmer County,GA,1103.804462,0.668,0.908725247524752,2.4431282718842318,2.2629691249844317,0.9579070916929984,0.13659923698234958,0.0006337549122123022,0.356159125,0.356159125,15366,0.545,883.0235310872396,9.143349313735962,34.79003707453661,1.5490108852190163,72.1,211.4154781728841,325.42757789465,,见指标口径：州级、产业、代表点代理；气候基期待核实,1.0000000000000018,0.9999999999999974,1,1
13125,Glascock County,GA,372.299252,0.558,0.09653465346534651,0.9732556716909648,0.7833763194441956,0.947388121877181,0.0,0.13100082349446618,0.505576208,0.505576208,1421,0.6621,1813.1826985677085,53.35528132120768,29.392496232434194,10.80080146545406,72.1,211.4154781728841,325.42757789465,,见指标口径：州级、产业、代表点代理；气候基期待核实,1.0000000000000013,1.000000000000001,1,1
13127,Glynn County,GA,1086.818208,0.801,0.021658415841584202,0.9418839498550172,0.879043448878915,0.8646156178342463,0.17234982125780443,0.5045864987935088,0.952519166,0.9482555,42743,0.7744,2461.71181640625,50.03989677429199,2.483279085775222,0.6433735108990839,72.1,211.4154781728841,325.42757789465,,baseline_water_stress:有效县域面积覆盖<99%（诊断提示，非行业阈值）；water_stress_2050_bau:有效县域面积覆盖<99%（诊断提示，非行业阈值）,0.7846892478108166,0.7847350754187764,0.9999798149985247,1
13129,Gordon County,GA,923.219316,0.659,0.38985148514851503,2.5806215362076923,2.390022019,0.8852958912705013,0.04282190713611786,0.010139146939441712,0.396501458,0.394632578,29244,0.7318,1438.3096516927085,36.01423937479655,4.093132966455711,6.334236354376875,72.1,211.4154781728841,325.42757789465,,见指标口径：州级、产业、代表点代理；气候基期待核实,0.9999999999999994,0.9999999999999974,1,1
13131,Grady County,GA,1177.05207,0.566,0.39727722772277196,2.4936244697221013,2.56382003359918,0.942458769928186,0.0006914961681270722,0.264952340250166,0.895626691,0.89397355,11392,0.944,2281.206005859375,71.81278699239095,41.486782806394466,0.30786616567419034,72.1,211.4154781728841,325.42757789465,,见指标口径：州级、产业、代表点代理；气候基期待核实,0.9999999999999982,0.9999999999999988,1,1
13133,Greene County,GA,1003.664492,0.644,0.7431930693069311,2.087369603471983,1.8946617848323921,0.93154037297136,0.12647009872108608,0.03984651738373432,0.446640006,0.440210147,8102,0.5081,1776.9682250976562,51.63347625732422,3.181127114494793,1.0362048591975188,72.1,211.4154781728841,325.42757789465,,见指标口径：州级、产业、代表点代理；气候基期待核实,0.9999999999999956,0.9999999999999956,1,1
13135,Gwinnett County,GA,1116.612133,0.381,0.404084158415842,2.7724010097347285,2.6358683846135014,0.34790096343039295,0.017263431222857607,0.018502580029855033,0.703912011,0.698008876,521729,0.6433,1425.84541015625,30.08437798817953,6.202329459454348,0.08572525855761136,72.1,211.4154781728841,325.42757789465,,见指标口径：州级、产业、代表点代理；气候基期待核实,0.9999999999999974,0.9999999999999972,1,1
13137,Habersham County,GA,717.081397,0.726,0.306311881188119,2.5169474465582096,2.3391134091050563,0.9016113452317794,0.06076555372709964,0.002282259436842474,0.816233678,0.816233678,22654,0.728,1005.0191243489584,13.124905077616374,36.90623598555569,11.510928231521317,72.1,211.4154781728841,325.42757789465,,见指标口径：州级、产业、代表点代理；气候基期待核实,0.9999999999999983,1.0000000000000004,1,1
13139,Hall County,GA,1016.489905,0.604,0.434405940594059,2.298833420105885,2.1188039260325735,0.7559359353001577,0.023093949951024914,0.005160532249356919,0.64209709,0.640992553,110156,0.8136,1294.3479288736978,23.210152180989585,2.711205313814034,2.257355204658597,72.1,211.4154781728841,325.42757789465,,见指标口径：州级、产业、代表点代理；气候基期待核实,1.0000000000000027,0.9999999999999989,1,1
13141,Hancock County,GA,1220.057416,0.654,0.7571163366336631,1.7487608571499753,1.5567470969962318,0.9629865647462537,0.010726431255420452,0.047451780942817844,0.80715876,0.80715876,2626,0.9666,1787.3658365885417,53.226409149169925,28.954391391470942,0.4383233677373691,72.1,211.4154781728841,325.42757789465,,见指标口径：州级、产业、代表点代理；气候基期待核实,0.9999999999999984,0.9999999999999984,1,1
13143,Haralson County,GA,730.804597,0.85,0.292079207920792,2.7857987695643454,2.5188163853266605,0.9081696472077242,0.0,0.024173283809105568,0.793149765,0.793149765,14532,0.3089,1228.508984375,23.747326596577963,11.708215596171728,2.8838803133517206,72.1,211.4154781728841,325.42757789465,,见指标口径：州级、产业、代表点代理；气候基期待核实,1.0000000000000009,1.0000000000000007,1,1
13145,Harris County,GA,1201.282985,0.719,0.44647277227722804,2.2805879360591894,2.117449569760153,0.932620274965825,0.05806516288775487,0.04062836857223724,0.312410218,0.310474049,16145,0.0675,1749.2787068684895,46.32635027567546,8.765649177441235,14.179275639269507,72.1,211.4154781728841,325.42757789465,,见指标口径：州级、产业、代表点代理；气候基期待核实,1.0000000000000038,1.0000000000000036,1,1
13147,Hart County,GA,601.970607,0.535,0.40810643564356397,2.931926380780837,2.735302759,0.8883142166339956,0.006653157373638154,0.016189010850988433,0.75870085,0.756442614,12146,0.7681,1593.9431030273438,39.70391419728597,15.840192794099725,1.31876502715601,72.1,211.4154781728841,325.42757789465,,见指标口径：州级、产业、代表点代理；气候基期待核实,0.9999999999999994,1.0000000000000004,1,1
13149,Heard County,GA,766.567353,0.751,0.297648514851485,2.4204197017407982,2.2456763464557854,0.950147729067815,0.03662503013150768,0.028901071255141263,0.664765409,0.664765409,4977,0.6459,1538.8542724609374,41.73626149495443,28.710571773595646,14.466290329312928,72.1,211.4154781728841,325.42757789465,,见指标口径：州级、产业、代表点代理；气候基期待核实,1.0000000000000002,1.0000000000000002,1,1
13151,Henry County,GA,825.452046,0.502,0.290532178217822,3.119086632251105,3.0529546195282107,0.6545424292121439,0.012833658770602243,0.041431939689486115,0.713075048,0.712428507,131327,0.4018,1671.441817220052,35.42950185139974,3.8059632087345796,0.13230626121501415,72.1,211.4154781728841,325.42757789465,,见指标口径：州级、产业、代表点代理；气候基期待核实,1.0000000000000029,1.0000000000000029,1,1
13153,Houston County,GA,974.236344,0.489,0.150680693069307,2.561199900259151,2.4386731094419787,0.7793836896290368,0.05818039356124309,0.16554419629248635,0.588823559,0.575355546,77475,0.4887,2057.650105794271,66.85262285868326,7.791665379257728,3.892239172261135,72.1,211.4154781728841,325.42757789465,,见指标口径：州级、产业、代表点代理；气候基期待核实,1.000000000000001,1.000000000000001,1,1
13155,Irwin County,GA,917.795237,0.485,0.114789603960396,2.540998662645616,2.6924500149851904,0.9499237058017715,0.03148930767136613,0.23749482028206917,0.918896999,0.918896999,3991,0.8282,2260.5689290364585,72.43587532043458,24.71535526651209,8.211887419271442,72.1,211.4154781728841,325.42757789465,,见指标口径：州级、产业、代表点代理；气候基期待核实,0.999999999999998,0.9999999999999979,1,1
13157,Jackson County,GA,879.812977,0.497,0.171101485148515,2.1397501954663536,1.9469339822586829,0.8578813137088342,0.005939443718642342,0.045460949751698905,0.406795199,0.404100456,44302,0.3264,1493.971826171875,36.08658014933268,6.607658265680167,2.073498360020508,72.1,211.4154781728841,325.42757789465,,见指标口径：州级、产业、代表点代理；气候基期待核实,0.9999999999999991,0.9999999999999999,1,1
13159,Jasper County,GA,954.167639,0.594,0.431311881188119,2.2933778363367514,2.1273086773833874,0.9602714209936715,0.03864602900962545,0.04146311819457177,0.813136589,0.813136589,7724,0.5492,1719.545808919271,47.854315694173174,30.75053995847138,1.377632975511051,72.1,211.4154781728841,325.42757789465,,见指标口径：州级、产业、代表点代理；气候基期待核实,1.0000000000000047,1.0000000000000044,1,1
13161,Jeff Davis County,GA,857.075892,0.535,0.11943069306930701,1.1883581798935619,1.1188874347712237,0.9250210244888225,0.07103898359499679,0.24447819519930378,0.750169354,0.750169354,5883,0.8785,2126.5381673177085,72.29266026814778,68.57871565189281,6.29698062034429,72.1,211.4154781728841,325.42757789465,,见指标口径：州级、产业、代表点代理；气候基期待核实,1.0000000000000016,1.0000000000000013,1,1
13163,Jefferson County,GA,1363.77135,0.538,0.135519801980198,1.2142497622040478,1.0229263828806225,0.9372541132249662,0.00047540394088579403,0.20042006000857265,0.727767037,0.727646206,6696,0.9583,1974.513289388021,62.24526481628418,49.47928878042156,13.236855103664324,72.1,211.4154781728841,325.42757789465,,见指标口径：州级、产业、代表点代理；气候基期待核实,0.999999999999997,0.999999999999997,1,1
13165,Jenkins County,GA,899.705945,0.537,0.538366336633663,0.9378783486552666,0.7467489116289789,0.9423608886385073,0.025656245464490402,0.35277349914058076,0.293459916,0.293459916,3658,0.8352,2045.005900065104,68.98989372253418,47.04103759593077,0.3329348564866413,72.1,211.4154781728841,325.42757789465,,见指标口径：州级、产业、代表点代理；气候基期待核实,1.0000000000000004,1.0000000000000007,1,1
13167,Johnson County,GA,784.815228,0.548,0.155012376237624,2.0683800128289973,1.9182189147918598,0.938157917239099,0.0016165708409963699,0.1828082156640311,0.897083635,0.897083635,3415,0.9322,2018.6457275390624,67.21316947937012,28.040486567153774,6.157309533381034,72.1,211.4154781728841,325.42757789465,,见指标口径：州级、产业、代表点代理；气候基期待核实,1,0.9999999999999997,1,1
13169,Jones County,GA,1020.304153,0.609,0.326113861386139,2.343954232167907,2.1853773429208414,0.9389883290589299,0.1909932553406341,0.04342935871521111,0.899821526,0.899821526,12849,0.3675,1843.4365519205728,57.645565541585285,17.54880053404877,2.4148281426371097,72.1,211.4154781728841,325.42757789465,,见指标口径：州级、产业、代表点代理；气候基期待核实,1.0000000000000009,1.000000000000001,1,1
13171,Lamar County,GA,475.264402,0.658,0.130878712871287,2.160131230089994,2.0647795603458747,0.9243706071255453,0.0009726176269518588,0.06763322527872032,0.660710247,0.660710247,8006,0.4092,1676.322351074219,43.090708033243814,13.484505136690363,1.1396966402514184,72.1,211.4154781728841,325.42757789465,,见指标口径：州级、产业、代表点代理；气候基期待核实,1.0000000000000004,1.0000000000000002,1,1
13173,Lanier County,GA,509.030779,0.614,0.243811881188119,2.8615833765292407,3.072920026,0.9371074911491171,0.07370670166321905,0.36078143530578244,0.975516287,0.975516287,3891,0.8011,2186.554093424479,76.87980550130209,31.29484522760121,12.296213232993134,72.1,211.4154781728841,325.42757789465,,见指标口径：州级、产业、代表点代理；气候基期待核实,1.0000000000000016,1.0000000000000016,1,1
13175,Laurens County,GA,2090.990052,0.522,0.20049504950495098,2.160589596017112,1.9747929560829411,0.910297241732301,0.017222241668817032,0.21874887661318346,0.483236387,0.483155599,20364,0.9014,2097.1931762695312,76.98034693400065,10.215097057728494,14.263650602226557,72.1,211.4154781728841,325.42757789465,,见指标口径：州级、产业、代表点代理；气候基期待核实,0.9999999999999992,1.000000000000003,1,1
13177,Lee County,GA,921.632943,0.516,0.743811881188119,1.1652933984148754,1.134330805,0.923197961062827,0.011294283795663624,0.20990893161712426,0.595410796,0.591993305,16897,0.2606,2182.811083984375,72.3065086364746,39.79345158358567,5.795264191127044,72.1,211.4154781728841,325.42757789465,,见指标口径：州级、产业、代表点代理；气候基期待核实,1.000000000000003,1.0000000000000024,1,1
13179,Liberty County,GA,1337.632044,0.711,0.377784653465347,0.8207086059047765,0.630086639,0.9074874697927984,0.049084666527922906,0.45876324508565375,0.650375085,0.606241678,23928,0.9007,2345.9510823567707,65.09857889811198,7.974194451915243,5.126018900201164,72.1,211.4154781728841,325.42757789465,,baseline_water_stress:有效县域面积覆盖<99%（诊断提示，非行业阈值）；water_stress_2050_bau:有效县域面积覆盖<99%（诊断提示，非行业阈值）,0.9006094799185699,0.900601258587279,0.9999994232674666,1
13181,Lincoln County,GA,544.884775,0.633,0.45049504950495,2.931926380780837,2.735302759,0.9401886615618099,0.0279024813460703,0.01964059923147626,0.994710994,0.994710994,3239,0.5488,1725.7078938802083,54.826527150472,30.915007503380977,18.067609726415775,72.1,211.4154781728841,325.42757789465,,见指标口径：州级、产业、代表点代理；气候基期待核实,0.9999999999999986,0.9999999999999974,1,1
13183,Long County,GA,1037.028629,0.592,0.517326732673267,0.29382057353708024,0.2260571861100003,0.9416011084316888,0.13665431627179125,0.4418536942957187,0.385789406,0.367577273,7741,0.8851,2328.028312174479,71.90462379455566,33.6159415223762,3.561532843363973,72.1,211.4154781728841,325.42757789465,,见指标口径：州级、产业、代表点代理；气候基期待核实,1.0000000000000007,1.0000000000000009,1,1
13185,Lowndes County,GA,1287.872477,0.589,0.137376237623762,2.86158337652924,3.072920026,0.8418214842761048,0.011630873998998087,0.2915613796547897,0.784461751,0.767198923,49160,0.8702,2278.6651692708333,77.4346331278483,4.807559941548861,0.10545472197509377,72.1,211.4154781728841,325.42757789465,,见指标口径：州级、产业、代表点代理；气候基期待核实,0.9999999999999983,0.9999999999999997,1,1
13187,Lumpkin County,GA,732.820611,0.729,0.62345297029703,2.8545000404733587,2.640055828845137,0.9471333238537463,0.10282222595938054,0.00039961362510848407,0.687191307,0.687191307,16788,0.3608,949.979833984375,11.859264945983886,33.56756493180035,31.775974221775634,72.1,211.4154781728841,325.42757789465,,见指标口径：州级、产业、代表点代理；气候基期待核实,0.9999999999999968,0.9999999999999979,1,1
13189,McDuffie County,GA,666.608438,0.624,0.100866336633663,2.9319263807808364,2.735302759,0.9056619997232347,0.07709684056368794,0.06226547164969576,0.315143505,0.313632931,9256,0.6567,1704.916365559896,51.80126266479492,3.6526568513842057,1.802292093853971,72.1,211.4154781728841,325.42757789465,,见指标口径：州级、产业、代表点代理；气候基期待核实,1.0000000000000073,1.0000000000000047,1,1
13191,McIntosh County,GA,1117.184399,0.82,0.110148514851485,0.5992627606718346,0.4646387112322539,0.9602313617178535,0.30964495688704874,0.5816654672294297,0.449296142,0.449296142,5141,0.7098,2378.26806640625,49.119938659667966,7.098754168182833,26.946894083698247,72.1,211.4154781728841,325.42757789465,,baseline_water_stress:有效县域面积覆盖<99%（诊断提示，非行业阈值）；water_stress_2050_bau:有效县域面积覆盖<99%（诊断提示，非行业阈值）,0.8367970283535535,0.8363019352489895,0.9999969725226152,1
13193,Macon County,GA,1037.709939,0.518,0.603032178217822,1.2632656329353866,1.2256087960412125,0.9455378805978646,0.003101094271021436,0.17610249501247635,0.76056338,0.76056338,4172,0.9866,1984.881925455729,61.708170827229814,26.607121789704006,4.711506644452833,72.1,211.4154781728841,325.42757789465,,见指标口径：州级、产业、代表点代理；气候基期待核实,0.9999999999999997,0.9999999999999998,1,1
13195,Madison County,GA,731.214551,0.546,0.247524752475248,2.875714755270377,2.6795155593216986,0.925714222658707,0.0035860786165133334,0.022627319284900693,0.558660014,0.558517463,14373,0.7423,1553.5665568033853,39.24476699829101,25.80059618487952,8.591847192064229,72.1,211.4154781728841,325.42757789465,,见指标口径：州级、产业、代表点代理；气候基期待核实,0.999999999999996,0.999999999999996,1,1
13197,Marion County,GA,947.213855,0.565,0.33075495049505,0.8709973693930744,0.848254171217815,0.9515849503354991,0.08695980985030465,0.06675395406199938,0.760760761,0.760760761,3129,0.8877,1875.9076009114583,53.417323684692384,37.607121788303985,4.795513770339847,72.1,211.4154781728841,325.42757789465,,见指标口径：州级、产业、代表点代理；气候基期待核实,1.0000000000000024,1.0000000000000024,1,1
13199,Meriwether County,GA,1297.342088,0.692,0.188118811881188,1.5450395041209528,1.4707782118175745,0.9473520917361274,0.022820834826869172,0.06988001313213131,0.420203228,0.420203228,8694,0.9074,1656.8031209309895,43.243171310424806,23.670743998543067,9.617973024401389,72.1,211.4154781728841,325.42757789465,,见指标口径：州级、产业、代表点代理；气候基期待核实,0.9999999999999992,0.9999999999999992,1,1
13201,Miller County,GA,731.471756,0.445,0.662128712871287,1.1652933984148754,1.134330805,0.9453513921790778,0.038782272477973945,0.17712824134700744,0.794924757,0.794924757,2687,0.945,2308.7960530598957,80.61361592610677,60.20640319566311,0.9304817210113921,72.1,211.4154781728841,325.42757789465,,见指标口径：州级、产业、代表点代理；气候基期待核实,1.0000000000000004,1.0000000000000004,1,1
13205,Mitchell County,GA,1326.483082,0.486,0.6875,1.4444435813248822,1.435033708370401,0.9346603278496997,0.0004098492298149293,0.10234757665234116,0.612135922,0.605728155,8589,0.9914,2304.7809488932294,76.23566233317057,67.47810892349928,0.8409909954873056,72.1,211.4154781728841,325.42757789465,,见指标口径：州级、产业、代表点代理；气候基期待核实,0.9999999999999988,0.9999999999999988,1,1
13207,Monroe County,GA,1025.872454,0.66,0.295792079207921,2.5714012754952695,2.4486085323762152,0.9248422583319041,0.04485039309755963,0.034689768764648715,0.897026557,0.897026557,14446,0.329,1776.751729329427,52.50535545349121,1.4637133225771009,0.5639806525004973,72.1,211.4154781728841,325.42757789465,,见指标口径：州级、产业、代表点代理；气候基期待核实,1.0000000000000002,1.0000000000000002,1,1
13209,Montgomery County,GA,624.563059,0.553,0.526918316831683,1.5430541873763026,1.4120826661768857,0.9357196743808422,0.010869892933433427,0.2903154884646611,0.944266055,0.944266055,3354,0.7547,2156.596142578125,74.79854863484701,28.112897422899234,1.6961598403303493,72.1,211.4154781728841,325.42757789465,,见指标口径：州级、产业、代表点代理；气候基期待核实,0.9999999999999973,0.9999999999999987,1,1
13211,Morgan County,GA,899.791082,0.579,0.562190594059406,2.101601868026963,1.909171031,0.9389963618065568,0.030181323136145997,0.05595868993087033,0.783010773,0.783010773,10809,0.266,1745.269608561198,50.02244186401367,3.6093691181226513,0.7498191197912025,72.1,211.4154781728841,325.42757789465,,见指标口径：州级、产业、代表点代理；气候基期待核实,1.0000000000000033,1.0000000000000033,1,1
13213,Murray County,GA,892.23559,0.703,0.466584158415842,2.5806215362076927,2.390022019,0.9159004955000506,0.2535727224774215,0.009402366265547578,0.262658764,0.262658764,18764,0.6847,1278.9733968098958,26.08835620880127,24.06720303255587,2.9807312443146095,72.1,211.4154781728841,325.42757789465,,见指标口径：州级、产业、代表点代理；气候基期待核实,1.0000000000000029,1.0000000000000024,1,1
13215,Muscogee County,GA,560.731677,0.634,0.337252475247525,1.3409550252031035,1.2435750964986774,0.6191154460147484,0.018990454608087667,0.06923770680239409,0.396200696,0.374429621,82276,0.9446,2095.515592447917,61.630753962198895,6.674801394317607,0.034015328476838046,72.1,211.4154781728841,325.42757789465,,见指标口径：州级、产业、代表点代理；气候基期待核实,1.0000000000000018,1.0000000000000058,1,1
13217,Newton County,GA,709.175872,0.518,0.357673267326733,2.9261053811729116,2.8144396245604733,0.8099900729838281,0.0025979599901955913,0.05033908863913777,0.457025435,0.456606068,60661,0.6577,1657.7520060221354,41.684600321451825,6.415918901938913,1.0865055242951953,72.1,211.4154781728841,325.42757789465,,见指标口径：州级、产业、代表点代理；气候基期待核实,1.0000000000000004,1.0000000000000004,1,1
13219,Oconee County,GA,477.461794,0.549,0.475556930693069,2.101601868026963,1.909171031,0.8690940085385335,0.00343132769063377,0.03547875432994715,0.466140587,0.466140587,22037,0.0137,1699.5707194010415,47.44086545308431,29.82803575541123,0.7934414410860876,72.1,211.4154781728841,325.42757789465,,见指标口径：州级、产业、代表点代理；气候基期待核实,0.9999999999999996,0.9999999999999996,1,1
13221,Oglethorpe County,GA,1137.165329,0.62,0.231126237623762,2.777591918550559,2.5818681881595804,0.9629404233122046,0.015709406736905334,0.05106223226846656,0.672501026,0.672501026,7699,0.4645,1662.53603515625,44.86394640604655,35.177474825817654,19.38577212895769,72.1,211.4154781728841,325.42757789465,,见指标口径：州级、产业、代表点代理；气候基期待核实,1.0000000000000058,1.0000000000000056,1,1
13223,Paulding County,GA,809.073023,0.763,0.512066831683168,3.246521394805304,2.9893402295230613,0.7880741032645601,0.14512198075270688,0.020973735241797412,0.716395758,0.715343824,92748,0.1429,1378.0279663085937,31.20554370880127,21.972778627639855,0.6280822849567391,72.1,211.4154781728841,325.42757789465,,见指标口径：州级、产业、代表点代理；气候基期待核实,0.9999999999999997,0.9999999999999996,1,1
13225,Peach County,GA,389.233786,0.502,0.0631188118811881,2.5076309612627012,2.3892944120492245,0.850098128071547,0.0017148249906340537,0.0800821923494697,0.518898605,0.518898605,12744,0.8772,1936.285196940104,60.32554295857747,8.26188643269699,0.8170309207204787,72.1,211.4154781728841,325.42757789465,,见指标口径：州级、产业、代表点代理；气候基期待核实,1.0000000000000009,1.000000000000001,1,1
13227,Pickens County,GA,601.019205,0.648,0.47772277227722804,3.163578048863413,2.919069811715713,0.9186147121231434,0.005835269889679342,0.0017109909801833955,0.351704092,0.34623276,17498,0.3392,1143.3486246744792,15.30830036799113,12.21235496127308,4.821266349399607,72.1,211.4154781728841,325.42757789465,,见指标口径：州级、产业、代表点代理；气候基期待核实,1.0000000000000027,1.0000000000000027,1,1
13229,Pierce County,GA,881.797573,0.557,0.240717821782178,1.2482862615613577,1.165489541,0.9176152819018236,0.03643699552002979,0.3298030823135847,0.712324493,0.712324493,8064,0.3051,2249.590087890625,80.12437006632487,63.38914694049585,2.150694928607896,72.1,211.4154781728841,325.42757789465,,见指标口径：州级、产业、代表点代理；气候基期待核实,0.9999999999999982,0.9999999999999982,1,1
13231,Pike County,GA,559.660486,0.674,0.26825495049504905,1.1652933984148754,1.134330805,0.9374906400212563,0.0004416973459282789,0.07610206201338175,0.664111922,0.664111922,9550,0.0665,1677.4362019856771,42.29377161661784,33.28517049099839,16.105095763596044,72.1,211.4154781728841,325.42757789465,,见指标口径：州级、产业、代表点代理；气候基期待核实,0.9999999999999998,0.9999999999999998,1,1
13233,Polk County,GA,803.776466,0.818,0.620977722772277,2.49546726030852,2.1748152258987026,0.9015867941884236,0.03009382093128655,0.006215512067213816,0.316907303,0.316802678,19651,0.8285,1385.3029174804688,31.893498611450195,33.99531817727886,0.7514882433402954,72.1,211.4154781728841,325.42757789465,,见指标口径：州级、产业、代表点代理；气候基期待核实,1.0000000000000002,0.9999999999999997,1,1
13235,Pulaski County,GA,645.583958,0.479,0.500928217821782,2.5941844188976857,2.469893082,0.9372671510251291,0.043799446915105254,0.2383311844059112,0.96021484,0.96021484,3857,0.9376,2219.582267252604,76.24696172078451,24.31611900749998,19.949893439532428,72.1,211.4154781728841,325.42757789465,,见指标口径：州级、产业、代表点代理；气候基期待核实,1.0000000000000002,1.0000000000000002,1,1
13237,Putnam County,GA,892.721735,0.622,0.9112004950495051,2.101601868026963,1.909171031,0.9292283765154996,0.18358530148168561,0.03186374263395224,0.845989235,0.845989235,10118,0.5679,1859.2882568359375,60.57427876790364,24.625543683131628,1.3077630136658325,72.1,211.4154781728841,325.42757789465,,见指标口径：州级、产业、代表点代理；气候基期待核实,0.9999999999999989,0.9999999999999989,1,1
13239,Quitman County,GA,391.703077,0.619,0.474938118811881,0.0013033921556378832,0.0017290514813823935,0.9582335452968866,0.0028687474370313925,0.1001803066589589,0.012092534,0.012092534,696,0.8202,2103.099674479167,67.20421752929687,60.61576878981957,4.956004640140158,72.1,211.4154781728841,325.42757789465,,见指标口径：州级、产业、代表点代理；气候基期待核实,1.000000000000001,0.9999999999999984,1,1
13241,Rabun County,GA,958.649647,0.767,0.8734529702970301,2.562757524768069,2.3905741498118167,0.9692673122601864,0.15198550665332897,0.0007711516207770547,0.241883826,0.241883826,7453,0.441,644.0591247558593,4.264108395576477,54.79903189775408,33.3333431616266,72.1,211.4154781728841,325.42757789465,,见指标口径：州级、产业、代表点代理；气候基期待核实,0.9999999999999983,1,1,1
13243,Randolph County,GA,1109.126228,0.525,0.107363861386139,0.7232021005776461,0.7038627520434281,0.9627834506372148,0.0019972271226032226,0.0987498653657557,0.538744483,0.538744483,2531,0.9882,2176.8494791666667,69.5423828125,73.0972435782534,0.533779556714249,72.1,211.4154781728841,325.42757789465,,见指标口径：州级、产业、代表点代理；气候基期待核实,1.000000000000001,1.000000000000003,1,1
13245,Richmond County,GA,840.036616,0.536,0.194306930693069,2.931926380780837,2.735302759,0.6794343669501299,0.007806145699126107,0.15143294424505016,0.24769062,0.244342019,85806,0.9513,1814.769864908854,58.85758043924967,6.126140138587024,1.489185224425562,72.1,211.4154781728841,325.42757789465,,见指标口径：州级、产业、代表点代理；气候基期待核实,0.999999999999999,0.9999999999999978,1,1
13247,Rockdale County,GA,336.228524,0.453,0.220915841584158,3.429157267494043,3.359374222918955,0.654324126156695,0.021195462994391873,0.039347701595422994,0.545263056,0.541994528,48046,0.777,1630.24697265625,37.28684698740641,0.9093601619314773,1.700376142849657,72.1,211.4154781728841,325.42757789465,,见指标口径：州级、产业、代表点代理；气候基期待核实,0.9999999999999957,0.9999999999999957,1,1
13249,Schley County,GA,432.291202,0.558,0.10983910891089099,1.1652933984148754,1.134330805,0.9506225758660297,0.0007049836846511263,0.08880237377856941,0.530977312,0.529668412,1882,0.4973,1928.5063598632812,56.47899602254232,52.92227755323325,1.5529751794965456,72.1,211.4154781728841,325.42757789465,,见指标口径：州级、产业、代表点代理；气候基期待核实,0.999999999999999,0.999999999999999,1,1
13251,Screven County,GA,1672.668619,0.561,0.232054455445545,2.0361139822928633,1.8420452977656698,0.9497417648658133,0.04165348624776348,0.3468576718189058,0.212015556,0.212015556,5942,0.699,2121.504777018229,68.15500526428222,53.212620415946006,1.8581150989109443,72.1,211.4154781728841,325.42757789465,,见指标口径：州级、产业、代表点代理；气候基期待核实,0.9999999999999977,0.9999999999999983,1,1
13253,Seminole County,GA,615.253333,0.45,0.861076732673267,0.8782511201307867,0.8547483836318205,0.9237096860761067,0.029084629353153733,0.11275328175184957,0.813413131,0.811476853,3220,0.8813,2368.1012939453126,81.10312067667643,33.0860054395983,10.262838995519202,72.1,211.4154781728841,325.42757789465,,见指标口径：州级、产业、代表点代理；气候基期待核实,0.9999999999999956,0.9999999999999993,1,1
13255,Spalding County,GA,507.561204,0.596,0.197710396039604,1.7913401833569405,1.7197683646878836,0.8236460223313916,0.004233219354656153,0.07219504776456191,0.814293701,0.814076283,31375,0.8206,1642.705615234375,35.28617534637451,16.571749710674933,0.40234373187133565,72.1,211.4154781728841,325.42757789465,,见指标口径：州级、产业、代表点代理；气候基期待核实,1,1,1,1
13257,Stephens County,GA,463.250301,0.661,0.297957920792079,2.9319263807808364,2.7353027589999996,0.8829787644862195,0.09196864429200224,0.011670071402918676,0.290189734,0.290189734,10554,0.7836,1454.659256998698,31.076625442504884,18.429492018966965,1.8707894875312596,72.1,211.4154781728841,325.42757789465,,见指标口径：州级、产业、代表点代理；气候基期待核实,1,0.999999999999999,1,1
13259,Stewart County,GA,1188.198306,0.611,0.11664603960396001,0.10116196865574516,0.09861893980971788,0.9715679673171053,0.02606283046635743,0.08091676547559401,0.124712203,0.124712203,1426,0.9736,2005.3450032552084,64.24030100504557,37.74224514563012,1.6145027816352586,72.1,211.4154781728841,325.42757789465,,见指标口径：州级、产业、代表点代理；气候基期待核实,1.0000000000000007,1.0000000000000009,1,1
13261,Sumter County,GA,1250.646291,0.494,0.286200495049505,1.1652933984148754,1.134330805,0.9338165056609011,0.0022346007079203757,0.1308608018638078,0.866242456,0.859551299,11969,0.9631,2059.6420166015623,64.18044522603353,41.61466747338646,0.5917436618323934,72.1,211.4154781728841,325.42757789465,,见指标口径：州级、产业、代表点代理；气候基期待核实,0.9999999999999981,0.9999999999999998,1,1
13263,Talbot County,GA,1013.662779,0.713,0.24535891089108902,0.8982515420822963,0.8713932089581732,0.9642914509093975,0.06674614592410592,0.04497335480922399,0.492031873,0.492031873,2358,0.6923,1762.5492024739583,50.69904123942057,40.71610016746583,1.761354813510595,72.1,211.4154781728841,325.42757789465,,见指标口径：州级、产业、代表点代理；气候基期待核实,0.9999999999999997,0.9999999999999997,1,1
13265,Taliaferro County,GA,504.029144,0.681,0.25990099009901,2.167769383063446,1.9733443217544688,0.970068291569886,0.0018582287664227987,0.05347099791970081,0.983164983,0.983164983,688,0.692,1721.379569498698,48.391488265991214,3.805974018433076,0.9675124950982116,72.1,211.4154781728841,325.42757789465,,见指标口径：州级、产业、代表点代理；气候基期待核实,1.0000000000000002,1.0000000000000004,1,1
13267,Tattnall County,GA,1245.369508,0.576,0.245668316831683,1.0761604079312106,0.9777291367022928,0.9288810635042907,0.025414634851616994,0.3063407911837836,0.387440982,0.387440982,8489,0.9287,2282.7759358723956,73.5531494140625,33.41071896480303,13.405254869003315,72.1,211.4154781728841,325.42757789465,,见指标口径：州级、产业、代表点代理；气候基期待核实,0.9999999999999998,0.9999999999999998,1,1
13269,Taylor County,GA,975.613073,0.615,0.382116336633663,1.1628286324523232,1.1317670459021731,0.9307183390085594,0.014220775193700371,0.10755696947535859,0.724560232,0.724560232,2889,0.9555,1861.5720784505208,56.37840232849121,47.651215451163594,0.8037979256543115,72.1,211.4154781728841,325.42757789465,,见指标口径：州级、产业、代表点代理；气候基期待核实,0.9999999999999989,1,1,1
13271,Telfair County,GA,1132.621092,0.571,0.32271039603960405,2.544957488178401,2.40952729901101,0.9476965801367061,0.03081986788598257,0.2992526503190177,0.403385049,0.401269394,2998,0.9765,2208.0450032552085,76.7364377339681,61.6424258215371,14.809350192979352,72.1,211.4154781728841,325.42757789465,,见指标口径：州级、产业、代表点代理；气候基期待核实,0.9999999999999973,0.9999999999999973,1,1
13273,Terrell County,GA,869.69579,0.472,0.14944306930693102,1.1652933984148754,1.134330805,0.9531279400361851,0.006811670933776769,0.18099870767640217,0.711756228,0.710520898,3235,0.9809,2130.9595662434895,67.89384129842122,67.72816122176704,0.13225378073989608,72.1,211.4154781728841,325.42757789465,,见指标口径：州级、产业、代表点代理；气候基期待核实,0.9999999999999988,0.9999999999999978,1,1
13275,Thomas County,GA,1410.592607,0.561,0.122215346534653,2.731892635878871,2.8324890371559883,0.9270612544327029,0.02025130121812749,0.22131086161336425,0.510893472,0.434784413,21181,0.8158,2307.610001627604,74.32741470336914,41.99748330480869,0.5416291290189436,72.1,211.4154781728841,325.42757789465,,见指标口径：州级、产业、代表点代理；气候基期待核实,1.0000000000000007,1.0000000000000004,1,1
13277,Tift County,GA,675.702322,0.473,0.0798267326732673,2.8615833765292407,3.072920026,0.855474444829566,7.34345486938227e-06,0.20412253569944994,0.433346232,0.418835252,19750,0.8759,2216.314933268229,66.05258814493816,0.40324501430879095,1.016103363042785,72.1,211.4154781728841,325.42757789465,,见指标口径：州级、产业、代表点代理；气候基期待核实,1.0000000000000007,1.0000000000000007,1,1
13279,Toombs County,GA,942.794614,0.559,0.150371287128713,1.2453864981173215,1.1602979975751078,0.9056817436298238,0.00045584419070123904,0.2491136092007793,0.921041246,0.921041246,11229,0.9857,2207.6755615234374,74.87873916625976,30.48820897647509,9.329202467944071,72.1,211.4154781728841,325.42757789465,,见指标口径：州级、产业、代表点代理；气候基期待核实,1.0000000000000016,1.0000000000000016,1,1
13281,Towns County,GA,431.17809,0.742,0.8799504950495051,0.18873400563709705,0.1760954382422832,0.9552448570151457,0.3289024969581321,0.0007463695048805082,0.469975738,0.469975738,5196,0.5622,480.625639851888,1.7771230638027191,64.7246138833274,33.52117467164376,72.1,211.4154781728841,325.42757789465,,见指标口径：州级、产业、代表点代理；气候基期待核实,1.0000000000000036,1.0000000000000033,1,1
13283,Treutlen County,GA,516.524094,0.539,0.342512376237624,2.077462620974546,1.9165423163765183,0.924551540417582,4.3340682454747636e-05,0.24519019529830996,0.999390987,0.999390987,2527,0.9389,2129.002408854167,74.48205693562825,2.13314937499233,3.9774752359670758,72.1,211.4154781728841,325.42757789465,,见指标口径：州级、产业、代表点代理；气候基期待核实,0.9999999999999958,0.9999999999999966,1,1
13285,Troup County,GA,1072.294219,0.679,0.192141089108911,2.4115917257827646,2.238973366,0.8801884997388933,0.018134341091842508,0.04620959447577073,0.309616062,0.309616062,39932,0.9023,1659.6448364257812,45.706186548868814,3.8635222411817485,0.12366032974248788,72.1,211.4154781728841,325.42757789465,,见指标口径：州级、产业、代表点代理；气候基期待核实,0.9999999999999993,0.9999999999999993,1,1
13287,Turner County,GA,739.227758,0.524,0.04950495049504949,2.68080818255249,2.8657755995858047,0.9368580427829598,0.005815309164274566,0.19442775663087233,0.853663702,0.839474799,3567,0.9675,2197.1453776041667,68.76929168701172,1.9941551081850342,3.737553038371096,72.1,211.4154781728841,325.42757789465,,见指标口径：州级、产业、代表点代理；气候基期待核实,1.0000000000000002,1.0000000000000013,1,1
13289,Twiggs County,GA,930.478094,0.507,0.275371287128713,2.4202759158340976,2.2714042669118544,0.9527598579455779,0.035192266832628605,0.16860419657104025,0.728603104,0.718181818,2746,0.6538,2040.364103190104,67.5504758199056,1.5931629165162493,5.817450212845281,72.1,211.4154781728841,325.42757789465,,见指标口径：州级、产业、代表点代理；气候基期待核实,1.0000000000000033,1.000000000000002,1,1
13291,Union County,GA,834.191643,0.725,0.70884900990099,0.05874310465649514,0.0559363244144689,0.950761981129439,0.2112667885893911,0.0005019681019156479,0.631467793,0.631467793,9693,0.4932,588.4759358723958,3.1640610218048097,59.76612372602166,28.388137388030593,72.1,211.4154781728841,325.42757789465,,见指标口径：州级、产业、代表点代理；气候基期待核实,1.0000000000000009,1.000000000000002,1,1
13293,Upson County,GA,837.774877,0.721,0.212252475247525,1.1946542934081936,1.1617739781860903,0.9364111787700695,0.02333454922672512,0.044339067492579966,0.875433036,0.875433036,12734,0.6468,1793.17021484375,54.86914215087891,35.83922944880467,2.5916492929596555,72.1,211.4154781728841,325.42757789465,,见指标口径：州级、产业、代表点代理；气候基期待核实,0.9999999999999997,0.9999999999999997,1,1
13295,Walker County,GA,1155.87477,0.755,0.6964727722772279,1.0834408767220483,0.9278939593851305,0.9160450396387215,0.1316557488874146,0.00205080342643367,0.599040899,0.598949265,32597,0.6796,1236.3351196289063,26.62314427693685,21.3116574258162,2.200042759384707,72.1,211.4154781728841,325.42757789465,,见指标口径：州级、产业、代表点代理；气候基期待核实,0.999999999999999,1.000000000000001,1,1
13297,Walton County,GA,846.460828,0.5,0.388613861386139,2.4202604005100596,2.2644168899060566,0.8329748268584783,0.0016565754967252202,0.05200018816244406,0.492723145,0.491838929,53671,0.4095,1567.319921875,40.05561771392822,19.061228432066503,2.086921013875059,72.1,211.4154781728841,325.42757789465,,见指标口径：州级、产业、代表点代理；气候基期待核实,0.9999999999999996,0.9999999999999997,1,1
13299,Ware County,GA,2329.024282,0.703,0.152846534653465,2.1727173787124308,2.2585422417597396,0.9388760870382605,0.3902817759760822,0.5521505958040112,0.3283378,0.288628781,12445,0.9596,2308.542903645833,84.32351582845052,71.1276070562458,11.025590654345686,72.1,211.4154781728841,325.42757789465,,见指标口径：州级、产业、代表点代理；气候基期待核实,1.0000000000000013,1.000000000000002,1,1
13301,Warren County,GA,736.510932,0.656,0.176670792079208,1.7657535150157868,1.5714732222569345,0.9491740197785574,0.03719838231182681,0.055013618684174835,0.206885352,0.206885352,2370,0.8123,1728.6121907552083,49.92932256062826,9.16080476222643,0.4804754472190179,72.1,211.4154781728841,325.42757789465,,见指标口径：州级、产业、代表点代理；气候基期待核实,1.0000000000000007,0.9999999999999996,1,1
13303,Washington County,GA,1757.374002,0.546,0.08477722772277231,1.6048406430178825,1.42232232410691,0.9471472494457952,0.0019225568683680632,0.16716336897037692,0.677111045,0.676125727,7752,0.9115,1906.5573364257812,56.21041043599447,54.59628314357997,0.056223079799542636,72.1,211.4154781728841,325.42757789465,,见指标口径：州级、产业、代表点代理；气候基期待核实,0.999999999999997,0.9999999999999963,1,1
13305,Wayne County,GA,1662.287074,0.624,0.15470297029703,0.3631924922046297,0.3394185292626878,0.9199206560025224,0.12790360702669967,0.39301032076657444,0.585961272,0.585961272,13367,0.9434,2234.58369140625,72.18536516825358,44.38516948670565,1.0314172458955966,72.1,211.4154781728841,325.42757789465,,见指标口径：州级、产业、代表点代理；气候基期待核实,0.9999999999999999,0.9999999999999999,1,1
13307,Webster County,GA,543.010089,0.505,0.0392945544554455,1.1604117412284771,1.1295368406416066,0.9606546371795234,0.03272716993567493,0.13903811737806143,0.605059733,0.605059733,952,0.8447,2004.554813639323,62.01697057088216,52.924385441704736,1.8400188432093585,72.1,211.4154781728841,325.42757789465,,见指标口径：州级、产业、代表点代理；气候基期待核实,0.9999999999999993,0.9999999999999993,1,1
13309,Wheeler County,GA,765.314382,0.56,0.47988861386138604,2.1588190862859182,1.9967852190263393,0.9522460518642399,0.02135110597800717,0.25689966890938776,0.913860333,0.913505849,2791,0.7716,2154.7752278645835,76.11628774007161,36.556605635826294,5.741460183993046,72.1,211.4154781728841,325.42757789465,,见指标口径：州级、产业、代表点代理；气候基期待核实,0.9999999999999997,1.0000000000000042,1,1
13311,White County,GA,623.600283,0.739,0.511138613861386,2.4093955531174176,2.2365363361355914,0.9313459671122201,0.1998560887036593,0.0010257621902904116,0.845334136,0.845334136,13998,0.3455,853.7647155761719,10.039321025212606,36.089557810496245,24.451841519936654,72.1,211.4154781728841,325.42757789465,,见指标口径：州级、产业、代表点代理；气候基期待核实,0.9999999999999998,1.0000000000000022,1,1
13313,Whitfield County,GA,752.24953,0.651,0.254950495049505,2.1699478399850083,2.0071918457951883,0.7986704162817545,0.023480187872027297,0.011026607291087296,0.754709319,0.754709319,47039,0.8836,1400.7787475585938,32.00167439778646,3.1017563471231853,0.3686490632161043,72.1,211.4154781728841,325.42757789465,,见指标口径：州级、产业、代表点代理；气候基期待核实,1.000000000000003,1.0000000000000007,1,1
13315,Wilcox County,GA,978.52538,0.539,0.32951732673267303,2.6689279843296405,2.638223854841617,0.9455517333793463,0.0019065949065374922,0.2110315470268405,0.684261975,0.684261975,2943,0.8212,2276.5802083333333,77.22322463989258,28.832791790339027,1.134894493193152,72.1,211.4154781728841,325.42757789465,,见指标口径：州级、产业、代表点代理；气候基期待核实,0.9999999999999984,0.9999999999999972,1,1
13317,Wilkes County,GA,1216.008875,0.656,0.11293316831683199,2.931926380780837,2.735302759,0.9650357089037351,0.03226237820349047,0.04661511504560752,0.998383969,0.997737557,3797,0.6083,1667.240096028646,46.95509045918782,30.458941576657004,5.188182751386752,72.1,211.4154781728841,325.42757789465,,见指标口径：州级、产业、代表点代理；气候基期待核实,0.9999999999999997,0.9999999999999997,1,1
13319,Wilkinson County,GA,1163.481422,0.514,0.24721534653465302,2.1016018680269632,1.9091710310000003,0.9545189178011803,0.013128414148652113,0.19863088773854715,0.578657417,0.578657417,3149,0.784,2032.0775716145831,69.33763262430827,26.183370878022714,4.4361494742584275,72.1,211.4154781728841,325.42757789465,,见指标口径：州级、产业、代表点代理；气候基期待核实,0.9999999999999986,1.0000000000000004,1,1
13321,Worth County,GA,1478.084027,0.526,0.38799504950495,1.9890324238251371,2.067310401689847,0.9398727841463258,0.009951318001101144,0.1861075242746682,0.916034201,0.916034201,8630,0.8571,2195.385847981771,69.28530082702636,26.088314039484978,2.2897065999025226,72.1,211.4154781728841,325.42757789465,,见指标口径：州级、产业、代表点代理；气候基期待核实,0.9999999999999972,0.999999999999999,1,1
